-- INSERT INTO usuario
INSERT INTO usuario (id, nombre, email, rol) VALUES (1, 'Taylor Swift', 'taylor@mail.com', 'artista');
INSERT INTO usuario (id, nombre, email, rol) VALUES (2, 'Bad Bunny', 'bunny@mail.com', 'artista');
INSERT INTO usuario (id, nombre, email, rol) VALUES (3, 'The Weeknd', 'weeknd@mail.com', 'artista');
INSERT INTO usuario (id, nombre, email, rol) VALUES (4, 'Adele', 'adele@mail.com', 'artista');
INSERT INTO usuario (id, nombre, email, rol) VALUES (5, 'Dua Lipa', 'dua@mail.com', 'artista');
-- INSERT INTO artista
INSERT INTO artista (id, usuario_id, bio, redes) VALUES (1, 1, 'Bio', '{"ig": "@taylorswift"}');
INSERT INTO artista (id, usuario_id, bio, redes) VALUES (2, 2, 'Bio', '{"ig": "@badbunny"}');
INSERT INTO artista (id, usuario_id, bio, redes) VALUES (3, 3, 'Bio', '{"ig": "@theweeknd"}');
INSERT INTO artista (id, usuario_id, bio, redes) VALUES (4, 4, 'Bio', '{"ig": "@adele"}');
INSERT INTO artista (id, usuario_id, bio, redes) VALUES (5, 5, 'Bio', '{"ig": "@dualipa"}');
-- INSERT INTO productor
INSERT INTO productor (id, usuario_id, experiencia) VALUES (1, 1, '5 años');
INSERT INTO productor (id, usuario_id, experiencia) VALUES (2, 2, '5 años');
INSERT INTO productor (id, usuario_id, experiencia) VALUES (3, 3, '5 años');
INSERT INTO productor (id, usuario_id, experiencia) VALUES (4, 4, '5 años');
INSERT INTO productor (id, usuario_id, experiencia) VALUES (5, 5, '5 años');
-- INSERT INTO genero
INSERT INTO genero (id, nombre) VALUES (1, 'Pop');
INSERT INTO genero (id, nombre) VALUES (2, 'R&B');
INSERT INTO genero (id, nombre) VALUES (3, 'Trap');
INSERT INTO genero (id, nombre) VALUES (4, 'Rock');
INSERT INTO genero (id, nombre) VALUES (5, 'Indie');
INSERT INTO estudio (id, nombre, ubicacion) VALUES (1, 'Estudio 1', 'Ciudad 1');
INSERT INTO estudio (id, nombre, ubicacion) VALUES (2, 'Estudio 2', 'Ciudad 2');
INSERT INTO estudio (id, nombre, ubicacion) VALUES (3, 'Estudio 3', 'Ciudad 3');
INSERT INTO estudio (id, nombre, ubicacion) VALUES (4, 'Estudio 4', 'Ciudad 4');
INSERT INTO estudio (id, nombre, ubicacion) VALUES (5, 'Estudio 5', 'Ciudad 5');
INSERT INTO instrumento (id, nombre, tipo) VALUES (1, 'Instrumento 1', 'Cuerda');
INSERT INTO instrumento (id, nombre, tipo) VALUES (2, 'Instrumento 2', 'Cuerda');
INSERT INTO instrumento (id, nombre, tipo) VALUES (3, 'Instrumento 3', 'Cuerda');
INSERT INTO instrumento (id, nombre, tipo) VALUES (4, 'Instrumento 4', 'Cuerda');
INSERT INTO instrumento (id, nombre, tipo) VALUES (5, 'Instrumento 5', 'Cuerda');
INSERT INTO licencia (id, tipo, descripcion) VALUES (1, 'copyright', 'Uso comercial');
INSERT INTO licencia (id, tipo, descripcion) VALUES (2, 'creative_commons', 'Compartir con crédito');
INSERT INTO licencia (id, tipo, descripcion) VALUES (3, 'uso_libre', 'Sin restricciones');
INSERT INTO licencia (id, tipo, descripcion) VALUES (4, 'copyright', 'Derechos reservados');
INSERT INTO licencia (id, tipo, descripcion) VALUES (5, 'creative_commons', 'Requiere atribución');
INSERT INTO sello_discografico (id, nombre) VALUES (1, 'Sello 1');
INSERT INTO sello_discografico (id, nombre) VALUES (2, 'Sello 2');
INSERT INTO sello_discografico (id, nombre) VALUES (3, 'Sello 3');
INSERT INTO sello_discografico (id, nombre) VALUES (4, 'Sello 4');
INSERT INTO sello_discografico (id, nombre) VALUES (5, 'Sello 5');
-- INSERT INTO album
INSERT INTO album (id, artista_id, titulo, anio) VALUES (1, 1, 'Álbum 1', 2015);
INSERT INTO album (id, artista_id, titulo, anio) VALUES (2, 1, 'Álbum 2', 2016);
INSERT INTO album (id, artista_id, titulo, anio) VALUES (3, 1, 'Álbum 3', 2017);
INSERT INTO album (id, artista_id, titulo, anio) VALUES (4, 1, 'Álbum 4', 2018);
INSERT INTO album (id, artista_id, titulo, anio) VALUES (5, 1, 'Álbum 5', 2019);
INSERT INTO album (id, artista_id, titulo, anio) VALUES (6, 1, 'Álbum 6', 2020);
INSERT INTO album (id, artista_id, titulo, anio) VALUES (7, 1, 'Álbum 7', 2021);
INSERT INTO album (id, artista_id, titulo, anio) VALUES (8, 1, 'Álbum 8', 2022);
INSERT INTO album (id, artista_id, titulo, anio) VALUES (9, 1, 'Álbum 9', 2023);
INSERT INTO album (id, artista_id, titulo, anio) VALUES (10, 1, 'Álbum 10', 2024);
INSERT INTO album (id, artista_id, titulo, anio) VALUES (11, 2, 'Álbum 11', 2015);
INSERT INTO album (id, artista_id, titulo, anio) VALUES (12, 2, 'Álbum 12', 2016);
INSERT INTO album (id, artista_id, titulo, anio) VALUES (13, 2, 'Álbum 13', 2017);
INSERT INTO album (id, artista_id, titulo, anio) VALUES (14, 2, 'Álbum 14', 2018);
INSERT INTO album (id, artista_id, titulo, anio) VALUES (15, 2, 'Álbum 15', 2019);
INSERT INTO album (id, artista_id, titulo, anio) VALUES (16, 2, 'Álbum 16', 2020);
INSERT INTO album (id, artista_id, titulo, anio) VALUES (17, 2, 'Álbum 17', 2021);
INSERT INTO album (id, artista_id, titulo, anio) VALUES (18, 2, 'Álbum 18', 2022);
INSERT INTO album (id, artista_id, titulo, anio) VALUES (19, 2, 'Álbum 19', 2023);
INSERT INTO album (id, artista_id, titulo, anio) VALUES (20, 2, 'Álbum 20', 2024);
INSERT INTO album (id, artista_id, titulo, anio) VALUES (21, 3, 'Álbum 21', 2015);
INSERT INTO album (id, artista_id, titulo, anio) VALUES (22, 3, 'Álbum 22', 2016);
INSERT INTO album (id, artista_id, titulo, anio) VALUES (23, 3, 'Álbum 23', 2017);
INSERT INTO album (id, artista_id, titulo, anio) VALUES (24, 3, 'Álbum 24', 2018);
INSERT INTO album (id, artista_id, titulo, anio) VALUES (25, 3, 'Álbum 25', 2019);
INSERT INTO album (id, artista_id, titulo, anio) VALUES (26, 3, 'Álbum 26', 2020);
INSERT INTO album (id, artista_id, titulo, anio) VALUES (27, 3, 'Álbum 27', 2021);
INSERT INTO album (id, artista_id, titulo, anio) VALUES (28, 3, 'Álbum 28', 2022);
INSERT INTO album (id, artista_id, titulo, anio) VALUES (29, 3, 'Álbum 29', 2023);
INSERT INTO album (id, artista_id, titulo, anio) VALUES (30, 3, 'Álbum 30', 2024);
INSERT INTO album (id, artista_id, titulo, anio) VALUES (31, 4, 'Álbum 31', 2015);
INSERT INTO album (id, artista_id, titulo, anio) VALUES (32, 4, 'Álbum 32', 2016);
INSERT INTO album (id, artista_id, titulo, anio) VALUES (33, 4, 'Álbum 33', 2017);
INSERT INTO album (id, artista_id, titulo, anio) VALUES (34, 4, 'Álbum 34', 2018);
INSERT INTO album (id, artista_id, titulo, anio) VALUES (35, 4, 'Álbum 35', 2019);
INSERT INTO album (id, artista_id, titulo, anio) VALUES (36, 4, 'Álbum 36', 2020);
INSERT INTO album (id, artista_id, titulo, anio) VALUES (37, 4, 'Álbum 37', 2021);
INSERT INTO album (id, artista_id, titulo, anio) VALUES (38, 4, 'Álbum 38', 2022);
INSERT INTO album (id, artista_id, titulo, anio) VALUES (39, 4, 'Álbum 39', 2023);
INSERT INTO album (id, artista_id, titulo, anio) VALUES (40, 4, 'Álbum 40', 2024);
INSERT INTO album (id, artista_id, titulo, anio) VALUES (41, 5, 'Álbum 41', 2015);
INSERT INTO album (id, artista_id, titulo, anio) VALUES (42, 5, 'Álbum 42', 2016);
INSERT INTO album (id, artista_id, titulo, anio) VALUES (43, 5, 'Álbum 43', 2017);
INSERT INTO album (id, artista_id, titulo, anio) VALUES (44, 5, 'Álbum 44', 2018);
INSERT INTO album (id, artista_id, titulo, anio) VALUES (45, 5, 'Álbum 45', 2019);
INSERT INTO album (id, artista_id, titulo, anio) VALUES (46, 5, 'Álbum 46', 2020);
INSERT INTO album (id, artista_id, titulo, anio) VALUES (47, 5, 'Álbum 47', 2021);
INSERT INTO album (id, artista_id, titulo, anio) VALUES (48, 5, 'Álbum 48', 2022);
INSERT INTO album (id, artista_id, titulo, anio) VALUES (49, 5, 'Álbum 49', 2023);
INSERT INTO album (id, artista_id, titulo, anio) VALUES (50, 5, 'Álbum 50', 2024);
-- INSERT INTO cancion
INSERT INTO cancion (id, album_id, nombre, duracion, clave, licencia_id) VALUES (1, 1, 'Canción 1', '00:04:36', 'F', 3);
INSERT INTO cancion (id, album_id, nombre, duracion, clave, licencia_id) VALUES (2, 1, 'Canción 2', '00:05:54', 'G', 1);
INSERT INTO cancion (id, album_id, nombre, duracion, clave, licencia_id) VALUES (3, 1, 'Canción 3', '00:04:41', 'D', 1);
INSERT INTO cancion (id, album_id, nombre, duracion, clave, licencia_id) VALUES (4, 1, 'Canción 4', '00:04:56', 'F', 3);
INSERT INTO cancion (id, album_id, nombre, duracion, clave, licencia_id) VALUES (5, 1, 'Canción 5', '00:05:44', 'D', 2);
INSERT INTO cancion (id, album_id, nombre, duracion, clave, licencia_id) VALUES (6, 1, 'Canción 6', '00:05:13', 'D', 2);
INSERT INTO cancion (id, album_id, nombre, duracion, clave, licencia_id) VALUES (7, 1, 'Canción 7', '00:05:29', 'F', 5);
INSERT INTO cancion (id, album_id, nombre, duracion, clave, licencia_id) VALUES (8, 1, 'Canción 8', '00:04:55', 'F', 5);
INSERT INTO cancion (id, album_id, nombre, duracion, clave, licencia_id) VALUES (9, 1, 'Canción 9', '00:05:32', 'G', 1);
INSERT INTO cancion (id, album_id, nombre, duracion, clave, licencia_id) VALUES (10, 1, 'Canción 10', '00:04:42', 'D', 4);
INSERT INTO cancion (id, album_id, nombre, duracion, clave, licencia_id) VALUES (11, 2, 'Canción 11', '00:03:47', 'C', 3);
INSERT INTO cancion (id, album_id, nombre, duracion, clave, licencia_id) VALUES (12, 2, 'Canción 12', '00:05:19', 'D', 3);
INSERT INTO cancion (id, album_id, nombre, duracion, clave, licencia_id) VALUES (13, 2, 'Canción 13', '00:04:44', 'C', 5);
INSERT INTO cancion (id, album_id, nombre, duracion, clave, licencia_id) VALUES (14, 2, 'Canción 14', '00:03:18', 'G', 4);
INSERT INTO cancion (id, album_id, nombre, duracion, clave, licencia_id) VALUES (15, 2, 'Canción 15', '00:04:24', 'C', 3);
INSERT INTO cancion (id, album_id, nombre, duracion, clave, licencia_id) VALUES (16, 2, 'Canción 16', '00:05:44', 'C', 5);
INSERT INTO cancion (id, album_id, nombre, duracion, clave, licencia_id) VALUES (17, 2, 'Canción 17', '00:03:43', 'G', 3);
INSERT INTO cancion (id, album_id, nombre, duracion, clave, licencia_id) VALUES (18, 2, 'Canción 18', '00:03:16', 'D', 3);
INSERT INTO cancion (id, album_id, nombre, duracion, clave, licencia_id) VALUES (19, 2, 'Canción 19', '00:05:48', 'D', 2);
INSERT INTO cancion (id, album_id, nombre, duracion, clave, licencia_id) VALUES (20, 2, 'Canción 20', '00:03:28', 'D', 4);
INSERT INTO cancion (id, album_id, nombre, duracion, clave, licencia_id) VALUES (21, 3, 'Canción 21', '00:04:43', 'D', 5);
INSERT INTO cancion (id, album_id, nombre, duracion, clave, licencia_id) VALUES (22, 3, 'Canción 22', '00:04:26', 'F', 5);
INSERT INTO cancion (id, album_id, nombre, duracion, clave, licencia_id) VALUES (23, 3, 'Canción 23', '00:04:26', 'C', 1);
INSERT INTO cancion (id, album_id, nombre, duracion, clave, licencia_id) VALUES (24, 3, 'Canción 24', '00:05:11', 'F', 5);
INSERT INTO cancion (id, album_id, nombre, duracion, clave, licencia_id) VALUES (25, 3, 'Canción 25', '00:05:11', 'F', 2);
INSERT INTO cancion (id, album_id, nombre, duracion, clave, licencia_id) VALUES (26, 3, 'Canción 26', '00:03:39', 'F', 5);
INSERT INTO cancion (id, album_id, nombre, duracion, clave, licencia_id) VALUES (27, 3, 'Canción 27', '00:05:20', 'G', 4);
INSERT INTO cancion (id, album_id, nombre, duracion, clave, licencia_id) VALUES (28, 3, 'Canción 28', '00:03:48', 'D', 2);
INSERT INTO cancion (id, album_id, nombre, duracion, clave, licencia_id) VALUES (29, 3, 'Canción 29', '00:03:14', 'D', 5);
INSERT INTO cancion (id, album_id, nombre, duracion, clave, licencia_id) VALUES (30, 3, 'Canción 30', '00:04:37', 'G', 1);
INSERT INTO cancion (id, album_id, nombre, duracion, clave, licencia_id) VALUES (31, 4, 'Canción 31', '00:04:38', 'D', 1);
INSERT INTO cancion (id, album_id, nombre, duracion, clave, licencia_id) VALUES (32, 4, 'Canción 32', '00:04:32', 'G', 2);
INSERT INTO cancion (id, album_id, nombre, duracion, clave, licencia_id) VALUES (33, 4, 'Canción 33', '00:04:29', 'D', 4);
INSERT INTO cancion (id, album_id, nombre, duracion, clave, licencia_id) VALUES (34, 4, 'Canción 34', '00:03:33', 'G', 2);
INSERT INTO cancion (id, album_id, nombre, duracion, clave, licencia_id) VALUES (35, 4, 'Canción 35', '00:03:21', 'F', 3);
INSERT INTO cancion (id, album_id, nombre, duracion, clave, licencia_id) VALUES (36, 4, 'Canción 36', '00:03:19', 'F', 1);
INSERT INTO cancion (id, album_id, nombre, duracion, clave, licencia_id) VALUES (37, 4, 'Canción 37', '00:04:47', 'D', 4);
INSERT INTO cancion (id, album_id, nombre, duracion, clave, licencia_id) VALUES (38, 4, 'Canción 38', '00:04:25', 'D', 1);
INSERT INTO cancion (id, album_id, nombre, duracion, clave, licencia_id) VALUES (39, 4, 'Canción 39', '00:05:50', 'D', 2);
INSERT INTO cancion (id, album_id, nombre, duracion, clave, licencia_id) VALUES (40, 4, 'Canción 40', '00:04:37', 'F', 4);
INSERT INTO cancion (id, album_id, nombre, duracion, clave, licencia_id) VALUES (41, 5, 'Canción 41', '00:05:41', 'F', 4);
INSERT INTO cancion (id, album_id, nombre, duracion, clave, licencia_id) VALUES (42, 5, 'Canción 42', '00:03:34', 'G', 2);
INSERT INTO cancion (id, album_id, nombre, duracion, clave, licencia_id) VALUES (43, 5, 'Canción 43', '00:04:11', 'G', 1);
INSERT INTO cancion (id, album_id, nombre, duracion, clave, licencia_id) VALUES (44, 5, 'Canción 44', '00:03:37', 'D', 2);
INSERT INTO cancion (id, album_id, nombre, duracion, clave, licencia_id) VALUES (45, 5, 'Canción 45', '00:04:19', 'C', 5);
INSERT INTO cancion (id, album_id, nombre, duracion, clave, licencia_id) VALUES (46, 5, 'Canción 46', '00:03:51', 'G', 3);
INSERT INTO cancion (id, album_id, nombre, duracion, clave, licencia_id) VALUES (47, 5, 'Canción 47', '00:05:43', 'F', 4);
INSERT INTO cancion (id, album_id, nombre, duracion, clave, licencia_id) VALUES (48, 5, 'Canción 48', '00:03:45', 'F', 4);
INSERT INTO cancion (id, album_id, nombre, duracion, clave, licencia_id) VALUES (49, 5, 'Canción 49', '00:05:49', 'D', 4);
INSERT INTO cancion (id, album_id, nombre, duracion, clave, licencia_id) VALUES (50, 5, 'Canción 50', '00:04:13', 'C', 5);
INSERT INTO cancion (id, album_id, nombre, duracion, clave, licencia_id) VALUES (51, 6, 'Canción 51', '00:03:48', 'D', 3);
INSERT INTO cancion (id, album_id, nombre, duracion, clave, licencia_id) VALUES (52, 6, 'Canción 52', '00:04:57', 'D', 5);
INSERT INTO cancion (id, album_id, nombre, duracion, clave, licencia_id) VALUES (53, 6, 'Canción 53', '00:04:36', 'C', 1);
INSERT INTO cancion (id, album_id, nombre, duracion, clave, licencia_id) VALUES (54, 6, 'Canción 54', '00:04:37', 'D', 5);
INSERT INTO cancion (id, album_id, nombre, duracion, clave, licencia_id) VALUES (55, 6, 'Canción 55', '00:03:23', 'F', 4);
INSERT INTO cancion (id, album_id, nombre, duracion, clave, licencia_id) VALUES (56, 6, 'Canción 56', '00:05:41', 'G', 5);
INSERT INTO cancion (id, album_id, nombre, duracion, clave, licencia_id) VALUES (57, 6, 'Canción 57', '00:05:54', 'D', 3);
INSERT INTO cancion (id, album_id, nombre, duracion, clave, licencia_id) VALUES (58, 6, 'Canción 58', '00:03:22', 'G', 4);
INSERT INTO cancion (id, album_id, nombre, duracion, clave, licencia_id) VALUES (59, 6, 'Canción 59', '00:05:21', 'D', 2);
INSERT INTO cancion (id, album_id, nombre, duracion, clave, licencia_id) VALUES (60, 6, 'Canción 60', '00:05:41', 'F', 2);
INSERT INTO cancion (id, album_id, nombre, duracion, clave, licencia_id) VALUES (61, 7, 'Canción 61', '00:05:14', 'D', 2);
INSERT INTO cancion (id, album_id, nombre, duracion, clave, licencia_id) VALUES (62, 7, 'Canción 62', '00:04:37', 'F', 2);
INSERT INTO cancion (id, album_id, nombre, duracion, clave, licencia_id) VALUES (63, 7, 'Canción 63', '00:04:25', 'D', 1);
INSERT INTO cancion (id, album_id, nombre, duracion, clave, licencia_id) VALUES (64, 7, 'Canción 64', '00:03:28', 'D', 4);
INSERT INTO cancion (id, album_id, nombre, duracion, clave, licencia_id) VALUES (65, 7, 'Canción 65', '00:03:55', 'G', 2);
INSERT INTO cancion (id, album_id, nombre, duracion, clave, licencia_id) VALUES (66, 7, 'Canción 66', '00:04:28', 'D', 3);
INSERT INTO cancion (id, album_id, nombre, duracion, clave, licencia_id) VALUES (67, 7, 'Canción 67', '00:04:50', 'D', 5);
INSERT INTO cancion (id, album_id, nombre, duracion, clave, licencia_id) VALUES (68, 7, 'Canción 68', '00:03:41', 'G', 1);
INSERT INTO cancion (id, album_id, nombre, duracion, clave, licencia_id) VALUES (69, 7, 'Canción 69', '00:05:55', 'F', 3);
INSERT INTO cancion (id, album_id, nombre, duracion, clave, licencia_id) VALUES (70, 7, 'Canción 70', '00:04:30', 'G', 5);
INSERT INTO cancion (id, album_id, nombre, duracion, clave, licencia_id) VALUES (71, 8, 'Canción 71', '00:03:27', 'F', 5);
INSERT INTO cancion (id, album_id, nombre, duracion, clave, licencia_id) VALUES (72, 8, 'Canción 72', '00:03:52', 'C', 4);
INSERT INTO cancion (id, album_id, nombre, duracion, clave, licencia_id) VALUES (73, 8, 'Canción 73', '00:05:17', 'C', 3);
INSERT INTO cancion (id, album_id, nombre, duracion, clave, licencia_id) VALUES (74, 8, 'Canción 74', '00:03:19', 'D', 2);
INSERT INTO cancion (id, album_id, nombre, duracion, clave, licencia_id) VALUES (75, 8, 'Canción 75', '00:04:46', 'C', 1);
INSERT INTO cancion (id, album_id, nombre, duracion, clave, licencia_id) VALUES (76, 8, 'Canción 76', '00:05:52', 'D', 4);
INSERT INTO cancion (id, album_id, nombre, duracion, clave, licencia_id) VALUES (77, 8, 'Canción 77', '00:04:53', 'D', 5);
INSERT INTO cancion (id, album_id, nombre, duracion, clave, licencia_id) VALUES (78, 8, 'Canción 78', '00:04:22', 'D', 4);
INSERT INTO cancion (id, album_id, nombre, duracion, clave, licencia_id) VALUES (79, 8, 'Canción 79', '00:03:52', 'C', 3);
INSERT INTO cancion (id, album_id, nombre, duracion, clave, licencia_id) VALUES (80, 8, 'Canción 80', '00:03:28', 'F', 1);
INSERT INTO cancion (id, album_id, nombre, duracion, clave, licencia_id) VALUES (81, 9, 'Canción 81', '00:04:17', 'G', 3);
INSERT INTO cancion (id, album_id, nombre, duracion, clave, licencia_id) VALUES (82, 9, 'Canción 82', '00:04:53', 'F', 2);
INSERT INTO cancion (id, album_id, nombre, duracion, clave, licencia_id) VALUES (83, 9, 'Canción 83', '00:03:58', 'C', 3);
INSERT INTO cancion (id, album_id, nombre, duracion, clave, licencia_id) VALUES (84, 9, 'Canción 84', '00:04:58', 'F', 2);
INSERT INTO cancion (id, album_id, nombre, duracion, clave, licencia_id) VALUES (85, 9, 'Canción 85', '00:04:31', 'C', 4);
INSERT INTO cancion (id, album_id, nombre, duracion, clave, licencia_id) VALUES (86, 9, 'Canción 86', '00:03:13', 'G', 2);
INSERT INTO cancion (id, album_id, nombre, duracion, clave, licencia_id) VALUES (87, 9, 'Canción 87', '00:04:18', 'F', 5);
INSERT INTO cancion (id, album_id, nombre, duracion, clave, licencia_id) VALUES (88, 9, 'Canción 88', '00:04:53', 'D', 4);
INSERT INTO cancion (id, album_id, nombre, duracion, clave, licencia_id) VALUES (89, 9, 'Canción 89', '00:03:29', 'C', 1);
INSERT INTO cancion (id, album_id, nombre, duracion, clave, licencia_id) VALUES (90, 9, 'Canción 90', '00:05:59', 'G', 1);
INSERT INTO cancion (id, album_id, nombre, duracion, clave, licencia_id) VALUES (91, 10, 'Canción 91', '00:03:29', 'C', 1);
INSERT INTO cancion (id, album_id, nombre, duracion, clave, licencia_id) VALUES (92, 10, 'Canción 92', '00:04:26', 'F', 5);
INSERT INTO cancion (id, album_id, nombre, duracion, clave, licencia_id) VALUES (93, 10, 'Canción 93', '00:03:27', 'C', 5);
INSERT INTO cancion (id, album_id, nombre, duracion, clave, licencia_id) VALUES (94, 10, 'Canción 94', '00:05:38', 'G', 2);
INSERT INTO cancion (id, album_id, nombre, duracion, clave, licencia_id) VALUES (95, 10, 'Canción 95', '00:05:54', 'D', 5);
INSERT INTO cancion (id, album_id, nombre, duracion, clave, licencia_id) VALUES (96, 10, 'Canción 96', '00:03:48', 'C', 2);
INSERT INTO cancion (id, album_id, nombre, duracion, clave, licencia_id) VALUES (97, 10, 'Canción 97', '00:05:57', 'F', 2);
INSERT INTO cancion (id, album_id, nombre, duracion, clave, licencia_id) VALUES (98, 10, 'Canción 98', '00:04:59', 'F', 2);
INSERT INTO cancion (id, album_id, nombre, duracion, clave, licencia_id) VALUES (99, 10, 'Canción 99', '00:04:36', 'F', 4);
INSERT INTO cancion (id, album_id, nombre, duracion, clave, licencia_id) VALUES (100, 10, 'Canción 100', '00:04:25', 'D', 4);
INSERT INTO cancion (id, album_id, nombre, duracion, clave, licencia_id) VALUES (101, 11, 'Canción 101', '00:04:26', 'D', 5);
INSERT INTO cancion (id, album_id, nombre, duracion, clave, licencia_id) VALUES (102, 11, 'Canción 102', '00:05:49', 'G', 5);
INSERT INTO cancion (id, album_id, nombre, duracion, clave, licencia_id) VALUES (103, 11, 'Canción 103', '00:04:36', 'G', 4);
INSERT INTO cancion (id, album_id, nombre, duracion, clave, licencia_id) VALUES (104, 11, 'Canción 104', '00:05:42', 'C', 1);
INSERT INTO cancion (id, album_id, nombre, duracion, clave, licencia_id) VALUES (105, 11, 'Canción 105', '00:03:52', 'C', 1);
INSERT INTO cancion (id, album_id, nombre, duracion, clave, licencia_id) VALUES (106, 11, 'Canción 106', '00:05:30', 'D', 3);
INSERT INTO cancion (id, album_id, nombre, duracion, clave, licencia_id) VALUES (107, 11, 'Canción 107', '00:03:27', 'D', 1);
INSERT INTO cancion (id, album_id, nombre, duracion, clave, licencia_id) VALUES (108, 11, 'Canción 108', '00:05:42', 'C', 3);
INSERT INTO cancion (id, album_id, nombre, duracion, clave, licencia_id) VALUES (109, 11, 'Canción 109', '00:04:56', 'F', 5);
INSERT INTO cancion (id, album_id, nombre, duracion, clave, licencia_id) VALUES (110, 11, 'Canción 110', '00:04:43', 'C', 1);
INSERT INTO cancion (id, album_id, nombre, duracion, clave, licencia_id) VALUES (111, 12, 'Canción 111', '00:04:58', 'D', 5);
INSERT INTO cancion (id, album_id, nombre, duracion, clave, licencia_id) VALUES (112, 12, 'Canción 112', '00:04:35', 'G', 4);
INSERT INTO cancion (id, album_id, nombre, duracion, clave, licencia_id) VALUES (113, 12, 'Canción 113', '00:05:19', 'D', 5);
INSERT INTO cancion (id, album_id, nombre, duracion, clave, licencia_id) VALUES (114, 12, 'Canción 114', '00:03:55', 'F', 3);
INSERT INTO cancion (id, album_id, nombre, duracion, clave, licencia_id) VALUES (115, 12, 'Canción 115', '00:05:54', 'F', 1);
INSERT INTO cancion (id, album_id, nombre, duracion, clave, licencia_id) VALUES (116, 12, 'Canción 116', '00:04:45', 'G', 1);
INSERT INTO cancion (id, album_id, nombre, duracion, clave, licencia_id) VALUES (117, 12, 'Canción 117', '00:05:40', 'C', 1);
INSERT INTO cancion (id, album_id, nombre, duracion, clave, licencia_id) VALUES (118, 12, 'Canción 118', '00:04:20', 'F', 5);
INSERT INTO cancion (id, album_id, nombre, duracion, clave, licencia_id) VALUES (119, 12, 'Canción 119', '00:05:50', 'C', 4);
INSERT INTO cancion (id, album_id, nombre, duracion, clave, licencia_id) VALUES (120, 12, 'Canción 120', '00:05:44', 'F', 2);
INSERT INTO cancion (id, album_id, nombre, duracion, clave, licencia_id) VALUES (121, 13, 'Canción 121', '00:04:54', 'C', 2);
INSERT INTO cancion (id, album_id, nombre, duracion, clave, licencia_id) VALUES (122, 13, 'Canción 122', '00:03:56', 'G', 1);
INSERT INTO cancion (id, album_id, nombre, duracion, clave, licencia_id) VALUES (123, 13, 'Canción 123', '00:04:16', 'D', 1);
INSERT INTO cancion (id, album_id, nombre, duracion, clave, licencia_id) VALUES (124, 13, 'Canción 124', '00:04:59', 'G', 3);
INSERT INTO cancion (id, album_id, nombre, duracion, clave, licencia_id) VALUES (125, 13, 'Canción 125', '00:04:50', 'D', 1);
INSERT INTO cancion (id, album_id, nombre, duracion, clave, licencia_id) VALUES (126, 13, 'Canción 126', '00:04:15', 'G', 2);
INSERT INTO cancion (id, album_id, nombre, duracion, clave, licencia_id) VALUES (127, 13, 'Canción 127', '00:03:26', 'C', 1);
INSERT INTO cancion (id, album_id, nombre, duracion, clave, licencia_id) VALUES (128, 13, 'Canción 128', '00:03:43', 'G', 1);
INSERT INTO cancion (id, album_id, nombre, duracion, clave, licencia_id) VALUES (129, 13, 'Canción 129', '00:04:55', 'D', 4);
INSERT INTO cancion (id, album_id, nombre, duracion, clave, licencia_id) VALUES (130, 13, 'Canción 130', '00:04:47', 'G', 3);
INSERT INTO cancion (id, album_id, nombre, duracion, clave, licencia_id) VALUES (131, 14, 'Canción 131', '00:05:53', 'C', 3);
INSERT INTO cancion (id, album_id, nombre, duracion, clave, licencia_id) VALUES (132, 14, 'Canción 132', '00:04:38', 'G', 2);
INSERT INTO cancion (id, album_id, nombre, duracion, clave, licencia_id) VALUES (133, 14, 'Canción 133', '00:04:15', 'F', 1);
INSERT INTO cancion (id, album_id, nombre, duracion, clave, licencia_id) VALUES (134, 14, 'Canción 134', '00:04:32', 'F', 5);
INSERT INTO cancion (id, album_id, nombre, duracion, clave, licencia_id) VALUES (135, 14, 'Canción 135', '00:03:21', 'F', 4);
INSERT INTO cancion (id, album_id, nombre, duracion, clave, licencia_id) VALUES (136, 14, 'Canción 136', '00:03:56', 'D', 2);
INSERT INTO cancion (id, album_id, nombre, duracion, clave, licencia_id) VALUES (137, 14, 'Canción 137', '00:05:58', 'C', 5);
INSERT INTO cancion (id, album_id, nombre, duracion, clave, licencia_id) VALUES (138, 14, 'Canción 138', '00:03:31', 'G', 5);
INSERT INTO cancion (id, album_id, nombre, duracion, clave, licencia_id) VALUES (139, 14, 'Canción 139', '00:04:47', 'C', 5);
INSERT INTO cancion (id, album_id, nombre, duracion, clave, licencia_id) VALUES (140, 14, 'Canción 140', '00:05:58', 'C', 5);
INSERT INTO cancion (id, album_id, nombre, duracion, clave, licencia_id) VALUES (141, 15, 'Canción 141', '00:03:53', 'F', 4);
INSERT INTO cancion (id, album_id, nombre, duracion, clave, licencia_id) VALUES (142, 15, 'Canción 142', '00:04:13', 'C', 2);
INSERT INTO cancion (id, album_id, nombre, duracion, clave, licencia_id) VALUES (143, 15, 'Canción 143', '00:04:45', 'F', 5);
INSERT INTO cancion (id, album_id, nombre, duracion, clave, licencia_id) VALUES (144, 15, 'Canción 144', '00:05:48', 'F', 2);
INSERT INTO cancion (id, album_id, nombre, duracion, clave, licencia_id) VALUES (145, 15, 'Canción 145', '00:05:56', 'G', 5);
INSERT INTO cancion (id, album_id, nombre, duracion, clave, licencia_id) VALUES (146, 15, 'Canción 146', '00:04:43', 'D', 2);
INSERT INTO cancion (id, album_id, nombre, duracion, clave, licencia_id) VALUES (147, 15, 'Canción 147', '00:05:33', 'D', 5);
INSERT INTO cancion (id, album_id, nombre, duracion, clave, licencia_id) VALUES (148, 15, 'Canción 148', '00:05:52', 'C', 4);
INSERT INTO cancion (id, album_id, nombre, duracion, clave, licencia_id) VALUES (149, 15, 'Canción 149', '00:04:38', 'F', 4);
INSERT INTO cancion (id, album_id, nombre, duracion, clave, licencia_id) VALUES (150, 15, 'Canción 150', '00:03:17', 'G', 3);
INSERT INTO cancion (id, album_id, nombre, duracion, clave, licencia_id) VALUES (151, 16, 'Canción 151', '00:03:19', 'G', 1);
INSERT INTO cancion (id, album_id, nombre, duracion, clave, licencia_id) VALUES (152, 16, 'Canción 152', '00:05:26', 'D', 5);
INSERT INTO cancion (id, album_id, nombre, duracion, clave, licencia_id) VALUES (153, 16, 'Canción 153', '00:03:52', 'C', 2);
INSERT INTO cancion (id, album_id, nombre, duracion, clave, licencia_id) VALUES (154, 16, 'Canción 154', '00:03:29', 'G', 2);
INSERT INTO cancion (id, album_id, nombre, duracion, clave, licencia_id) VALUES (155, 16, 'Canción 155', '00:03:34', 'F', 2);
INSERT INTO cancion (id, album_id, nombre, duracion, clave, licencia_id) VALUES (156, 16, 'Canción 156', '00:05:34', 'C', 3);
INSERT INTO cancion (id, album_id, nombre, duracion, clave, licencia_id) VALUES (157, 16, 'Canción 157', '00:05:33', 'G', 1);
INSERT INTO cancion (id, album_id, nombre, duracion, clave, licencia_id) VALUES (158, 16, 'Canción 158', '00:05:40', 'D', 4);
INSERT INTO cancion (id, album_id, nombre, duracion, clave, licencia_id) VALUES (159, 16, 'Canción 159', '00:05:13', 'D', 4);
INSERT INTO cancion (id, album_id, nombre, duracion, clave, licencia_id) VALUES (160, 16, 'Canción 160', '00:04:21', 'C', 1);
INSERT INTO cancion (id, album_id, nombre, duracion, clave, licencia_id) VALUES (161, 17, 'Canción 161', '00:05:33', 'G', 4);
INSERT INTO cancion (id, album_id, nombre, duracion, clave, licencia_id) VALUES (162, 17, 'Canción 162', '00:04:35', 'F', 3);
INSERT INTO cancion (id, album_id, nombre, duracion, clave, licencia_id) VALUES (163, 17, 'Canción 163', '00:04:12', 'D', 2);
INSERT INTO cancion (id, album_id, nombre, duracion, clave, licencia_id) VALUES (164, 17, 'Canción 164', '00:04:46', 'F', 1);
INSERT INTO cancion (id, album_id, nombre, duracion, clave, licencia_id) VALUES (165, 17, 'Canción 165', '00:04:13', 'G', 2);
INSERT INTO cancion (id, album_id, nombre, duracion, clave, licencia_id) VALUES (166, 17, 'Canción 166', '00:05:48', 'G', 3);
INSERT INTO cancion (id, album_id, nombre, duracion, clave, licencia_id) VALUES (167, 17, 'Canción 167', '00:05:10', 'F', 4);
INSERT INTO cancion (id, album_id, nombre, duracion, clave, licencia_id) VALUES (168, 17, 'Canción 168', '00:04:51', 'C', 4);
INSERT INTO cancion (id, album_id, nombre, duracion, clave, licencia_id) VALUES (169, 17, 'Canción 169', '00:03:17', 'C', 4);
INSERT INTO cancion (id, album_id, nombre, duracion, clave, licencia_id) VALUES (170, 17, 'Canción 170', '00:05:37', 'G', 4);
INSERT INTO cancion (id, album_id, nombre, duracion, clave, licencia_id) VALUES (171, 18, 'Canción 171', '00:05:50', 'F', 2);
INSERT INTO cancion (id, album_id, nombre, duracion, clave, licencia_id) VALUES (172, 18, 'Canción 172', '00:03:48', 'F', 4);
INSERT INTO cancion (id, album_id, nombre, duracion, clave, licencia_id) VALUES (173, 18, 'Canción 173', '00:04:48', 'G', 5);
INSERT INTO cancion (id, album_id, nombre, duracion, clave, licencia_id) VALUES (174, 18, 'Canción 174', '00:05:36', 'F', 2);
INSERT INTO cancion (id, album_id, nombre, duracion, clave, licencia_id) VALUES (175, 18, 'Canción 175', '00:04:52', 'C', 5);
INSERT INTO cancion (id, album_id, nombre, duracion, clave, licencia_id) VALUES (176, 18, 'Canción 176', '00:03:50', 'C', 4);
INSERT INTO cancion (id, album_id, nombre, duracion, clave, licencia_id) VALUES (177, 18, 'Canción 177', '00:03:29', 'C', 2);
INSERT INTO cancion (id, album_id, nombre, duracion, clave, licencia_id) VALUES (178, 18, 'Canción 178', '00:03:52', 'D', 3);
INSERT INTO cancion (id, album_id, nombre, duracion, clave, licencia_id) VALUES (179, 18, 'Canción 179', '00:03:47', 'G', 1);
INSERT INTO cancion (id, album_id, nombre, duracion, clave, licencia_id) VALUES (180, 18, 'Canción 180', '00:04:59', 'F', 3);
INSERT INTO cancion (id, album_id, nombre, duracion, clave, licencia_id) VALUES (181, 19, 'Canción 181', '00:05:38', 'G', 2);
INSERT INTO cancion (id, album_id, nombre, duracion, clave, licencia_id) VALUES (182, 19, 'Canción 182', '00:05:17', 'C', 1);
INSERT INTO cancion (id, album_id, nombre, duracion, clave, licencia_id) VALUES (183, 19, 'Canción 183', '00:04:53', 'F', 3);
INSERT INTO cancion (id, album_id, nombre, duracion, clave, licencia_id) VALUES (184, 19, 'Canción 184', '00:03:54', 'C', 4);
INSERT INTO cancion (id, album_id, nombre, duracion, clave, licencia_id) VALUES (185, 19, 'Canción 185', '00:03:20', 'D', 1);
INSERT INTO cancion (id, album_id, nombre, duracion, clave, licencia_id) VALUES (186, 19, 'Canción 186', '00:03:51', 'G', 2);
INSERT INTO cancion (id, album_id, nombre, duracion, clave, licencia_id) VALUES (187, 19, 'Canción 187', '00:03:13', 'C', 2);
INSERT INTO cancion (id, album_id, nombre, duracion, clave, licencia_id) VALUES (188, 19, 'Canción 188', '00:03:53', 'D', 3);
INSERT INTO cancion (id, album_id, nombre, duracion, clave, licencia_id) VALUES (189, 19, 'Canción 189', '00:03:57', 'G', 1);
INSERT INTO cancion (id, album_id, nombre, duracion, clave, licencia_id) VALUES (190, 19, 'Canción 190', '00:04:47', 'C', 5);
INSERT INTO cancion (id, album_id, nombre, duracion, clave, licencia_id) VALUES (191, 20, 'Canción 191', '00:03:54', 'D', 5);
INSERT INTO cancion (id, album_id, nombre, duracion, clave, licencia_id) VALUES (192, 20, 'Canción 192', '00:04:27', 'C', 4);
INSERT INTO cancion (id, album_id, nombre, duracion, clave, licencia_id) VALUES (193, 20, 'Canción 193', '00:04:44', 'C', 5);
INSERT INTO cancion (id, album_id, nombre, duracion, clave, licencia_id) VALUES (194, 20, 'Canción 194', '00:04:25', 'F', 3);
INSERT INTO cancion (id, album_id, nombre, duracion, clave, licencia_id) VALUES (195, 20, 'Canción 195', '00:03:50', 'C', 2);
INSERT INTO cancion (id, album_id, nombre, duracion, clave, licencia_id) VALUES (196, 20, 'Canción 196', '00:04:31', 'F', 4);
INSERT INTO cancion (id, album_id, nombre, duracion, clave, licencia_id) VALUES (197, 20, 'Canción 197', '00:03:41', 'G', 2);
INSERT INTO cancion (id, album_id, nombre, duracion, clave, licencia_id) VALUES (198, 20, 'Canción 198', '00:05:47', 'G', 2);
INSERT INTO cancion (id, album_id, nombre, duracion, clave, licencia_id) VALUES (199, 20, 'Canción 199', '00:04:42', 'G', 3);
INSERT INTO cancion (id, album_id, nombre, duracion, clave, licencia_id) VALUES (200, 20, 'Canción 200', '00:04:22', 'G', 2);
INSERT INTO cancion (id, album_id, nombre, duracion, clave, licencia_id) VALUES (201, 21, 'Canción 201', '00:03:51', 'G', 4);
INSERT INTO cancion (id, album_id, nombre, duracion, clave, licencia_id) VALUES (202, 21, 'Canción 202', '00:04:43', 'C', 4);
INSERT INTO cancion (id, album_id, nombre, duracion, clave, licencia_id) VALUES (203, 21, 'Canción 203', '00:03:50', 'C', 4);
INSERT INTO cancion (id, album_id, nombre, duracion, clave, licencia_id) VALUES (204, 21, 'Canción 204', '00:04:41', 'D', 4);
INSERT INTO cancion (id, album_id, nombre, duracion, clave, licencia_id) VALUES (205, 21, 'Canción 205', '00:05:15', 'G', 5);
INSERT INTO cancion (id, album_id, nombre, duracion, clave, licencia_id) VALUES (206, 21, 'Canción 206', '00:03:32', 'F', 4);
INSERT INTO cancion (id, album_id, nombre, duracion, clave, licencia_id) VALUES (207, 21, 'Canción 207', '00:03:28', 'D', 2);
INSERT INTO cancion (id, album_id, nombre, duracion, clave, licencia_id) VALUES (208, 21, 'Canción 208', '00:05:23', 'G', 3);
INSERT INTO cancion (id, album_id, nombre, duracion, clave, licencia_id) VALUES (209, 21, 'Canción 209', '00:05:30', 'F', 3);
INSERT INTO cancion (id, album_id, nombre, duracion, clave, licencia_id) VALUES (210, 21, 'Canción 210', '00:03:48', 'G', 2);
INSERT INTO cancion (id, album_id, nombre, duracion, clave, licencia_id) VALUES (211, 22, 'Canción 211', '00:05:19', 'C', 3);
INSERT INTO cancion (id, album_id, nombre, duracion, clave, licencia_id) VALUES (212, 22, 'Canción 212', '00:03:52', 'C', 3);
INSERT INTO cancion (id, album_id, nombre, duracion, clave, licencia_id) VALUES (213, 22, 'Canción 213', '00:03:17', 'D', 2);
INSERT INTO cancion (id, album_id, nombre, duracion, clave, licencia_id) VALUES (214, 22, 'Canción 214', '00:03:45', 'C', 2);
INSERT INTO cancion (id, album_id, nombre, duracion, clave, licencia_id) VALUES (215, 22, 'Canción 215', '00:03:11', 'G', 1);
INSERT INTO cancion (id, album_id, nombre, duracion, clave, licencia_id) VALUES (216, 22, 'Canción 216', '00:05:35', 'F', 4);
INSERT INTO cancion (id, album_id, nombre, duracion, clave, licencia_id) VALUES (217, 22, 'Canción 217', '00:05:52', 'G', 2);
INSERT INTO cancion (id, album_id, nombre, duracion, clave, licencia_id) VALUES (218, 22, 'Canción 218', '00:04:12', 'C', 2);
INSERT INTO cancion (id, album_id, nombre, duracion, clave, licencia_id) VALUES (219, 22, 'Canción 219', '00:05:35', 'F', 1);
INSERT INTO cancion (id, album_id, nombre, duracion, clave, licencia_id) VALUES (220, 22, 'Canción 220', '00:03:33', 'D', 3);
INSERT INTO cancion (id, album_id, nombre, duracion, clave, licencia_id) VALUES (221, 23, 'Canción 221', '00:05:26', 'C', 3);
INSERT INTO cancion (id, album_id, nombre, duracion, clave, licencia_id) VALUES (222, 23, 'Canción 222', '00:05:17', 'D', 5);
INSERT INTO cancion (id, album_id, nombre, duracion, clave, licencia_id) VALUES (223, 23, 'Canción 223', '00:03:25', 'G', 2);
INSERT INTO cancion (id, album_id, nombre, duracion, clave, licencia_id) VALUES (224, 23, 'Canción 224', '00:03:59', 'F', 3);
INSERT INTO cancion (id, album_id, nombre, duracion, clave, licencia_id) VALUES (225, 23, 'Canción 225', '00:05:13', 'D', 4);
INSERT INTO cancion (id, album_id, nombre, duracion, clave, licencia_id) VALUES (226, 23, 'Canción 226', '00:05:39', 'G', 3);
INSERT INTO cancion (id, album_id, nombre, duracion, clave, licencia_id) VALUES (227, 23, 'Canción 227', '00:03:47', 'G', 3);
INSERT INTO cancion (id, album_id, nombre, duracion, clave, licencia_id) VALUES (228, 23, 'Canción 228', '00:03:33', 'G', 1);
INSERT INTO cancion (id, album_id, nombre, duracion, clave, licencia_id) VALUES (229, 23, 'Canción 229', '00:05:35', 'G', 5);
INSERT INTO cancion (id, album_id, nombre, duracion, clave, licencia_id) VALUES (230, 23, 'Canción 230', '00:03:28', 'D', 4);
INSERT INTO cancion (id, album_id, nombre, duracion, clave, licencia_id) VALUES (231, 24, 'Canción 231', '00:04:30', 'F', 4);
INSERT INTO cancion (id, album_id, nombre, duracion, clave, licencia_id) VALUES (232, 24, 'Canción 232', '00:05:31', 'F', 3);
INSERT INTO cancion (id, album_id, nombre, duracion, clave, licencia_id) VALUES (233, 24, 'Canción 233', '00:03:43', 'D', 4);
INSERT INTO cancion (id, album_id, nombre, duracion, clave, licencia_id) VALUES (234, 24, 'Canción 234', '00:04:34', 'F', 1);
INSERT INTO cancion (id, album_id, nombre, duracion, clave, licencia_id) VALUES (235, 24, 'Canción 235', '00:04:35', 'C', 2);
INSERT INTO cancion (id, album_id, nombre, duracion, clave, licencia_id) VALUES (236, 24, 'Canción 236', '00:05:22', 'D', 1);
INSERT INTO cancion (id, album_id, nombre, duracion, clave, licencia_id) VALUES (237, 24, 'Canción 237', '00:05:59', 'C', 3);
INSERT INTO cancion (id, album_id, nombre, duracion, clave, licencia_id) VALUES (238, 24, 'Canción 238', '00:05:57', 'G', 5);
INSERT INTO cancion (id, album_id, nombre, duracion, clave, licencia_id) VALUES (239, 24, 'Canción 239', '00:03:29', 'C', 5);
INSERT INTO cancion (id, album_id, nombre, duracion, clave, licencia_id) VALUES (240, 24, 'Canción 240', '00:03:23', 'D', 5);
INSERT INTO cancion (id, album_id, nombre, duracion, clave, licencia_id) VALUES (241, 25, 'Canción 241', '00:04:48', 'G', 5);
INSERT INTO cancion (id, album_id, nombre, duracion, clave, licencia_id) VALUES (242, 25, 'Canción 242', '00:04:15', 'G', 3);
INSERT INTO cancion (id, album_id, nombre, duracion, clave, licencia_id) VALUES (243, 25, 'Canción 243', '00:04:46', 'C', 4);
INSERT INTO cancion (id, album_id, nombre, duracion, clave, licencia_id) VALUES (244, 25, 'Canción 244', '00:03:18', 'F', 1);
INSERT INTO cancion (id, album_id, nombre, duracion, clave, licencia_id) VALUES (245, 25, 'Canción 245', '00:05:53', 'D', 4);
INSERT INTO cancion (id, album_id, nombre, duracion, clave, licencia_id) VALUES (246, 25, 'Canción 246', '00:03:59', 'G', 2);
INSERT INTO cancion (id, album_id, nombre, duracion, clave, licencia_id) VALUES (247, 25, 'Canción 247', '00:05:17', 'F', 5);
INSERT INTO cancion (id, album_id, nombre, duracion, clave, licencia_id) VALUES (248, 25, 'Canción 248', '00:04:25', 'D', 4);
INSERT INTO cancion (id, album_id, nombre, duracion, clave, licencia_id) VALUES (249, 25, 'Canción 249', '00:05:13', 'G', 3);
INSERT INTO cancion (id, album_id, nombre, duracion, clave, licencia_id) VALUES (250, 25, 'Canción 250', '00:03:57', 'F', 3);
INSERT INTO cancion (id, album_id, nombre, duracion, clave, licencia_id) VALUES (251, 26, 'Canción 251', '00:04:41', 'D', 5);
INSERT INTO cancion (id, album_id, nombre, duracion, clave, licencia_id) VALUES (252, 26, 'Canción 252', '00:05:10', 'C', 4);
INSERT INTO cancion (id, album_id, nombre, duracion, clave, licencia_id) VALUES (253, 26, 'Canción 253', '00:04:12', 'C', 3);
INSERT INTO cancion (id, album_id, nombre, duracion, clave, licencia_id) VALUES (254, 26, 'Canción 254', '00:05:23', 'F', 2);
INSERT INTO cancion (id, album_id, nombre, duracion, clave, licencia_id) VALUES (255, 26, 'Canción 255', '00:05:39', 'G', 5);
INSERT INTO cancion (id, album_id, nombre, duracion, clave, licencia_id) VALUES (256, 26, 'Canción 256', '00:05:22', 'C', 4);
INSERT INTO cancion (id, album_id, nombre, duracion, clave, licencia_id) VALUES (257, 26, 'Canción 257', '00:05:11', 'F', 2);
INSERT INTO cancion (id, album_id, nombre, duracion, clave, licencia_id) VALUES (258, 26, 'Canción 258', '00:03:36', 'F', 1);
INSERT INTO cancion (id, album_id, nombre, duracion, clave, licencia_id) VALUES (259, 26, 'Canción 259', '00:05:15', 'G', 5);
INSERT INTO cancion (id, album_id, nombre, duracion, clave, licencia_id) VALUES (260, 26, 'Canción 260', '00:03:52', 'G', 4);
INSERT INTO cancion (id, album_id, nombre, duracion, clave, licencia_id) VALUES (261, 27, 'Canción 261', '00:05:13', 'C', 2);
INSERT INTO cancion (id, album_id, nombre, duracion, clave, licencia_id) VALUES (262, 27, 'Canción 262', '00:05:28', 'D', 4);
INSERT INTO cancion (id, album_id, nombre, duracion, clave, licencia_id) VALUES (263, 27, 'Canción 263', '00:04:16', 'F', 1);
INSERT INTO cancion (id, album_id, nombre, duracion, clave, licencia_id) VALUES (264, 27, 'Canción 264', '00:04:39', 'G', 2);
INSERT INTO cancion (id, album_id, nombre, duracion, clave, licencia_id) VALUES (265, 27, 'Canción 265', '00:05:19', 'F', 2);
INSERT INTO cancion (id, album_id, nombre, duracion, clave, licencia_id) VALUES (266, 27, 'Canción 266', '00:03:17', 'F', 2);
INSERT INTO cancion (id, album_id, nombre, duracion, clave, licencia_id) VALUES (267, 27, 'Canción 267', '00:04:13', 'D', 2);
INSERT INTO cancion (id, album_id, nombre, duracion, clave, licencia_id) VALUES (268, 27, 'Canción 268', '00:05:15', 'D', 3);
INSERT INTO cancion (id, album_id, nombre, duracion, clave, licencia_id) VALUES (269, 27, 'Canción 269', '00:04:48', 'D', 2);
INSERT INTO cancion (id, album_id, nombre, duracion, clave, licencia_id) VALUES (270, 27, 'Canción 270', '00:04:18', 'D', 2);
INSERT INTO cancion (id, album_id, nombre, duracion, clave, licencia_id) VALUES (271, 28, 'Canción 271', '00:04:19', 'F', 2);
INSERT INTO cancion (id, album_id, nombre, duracion, clave, licencia_id) VALUES (272, 28, 'Canción 272', '00:05:41', 'D', 3);
INSERT INTO cancion (id, album_id, nombre, duracion, clave, licencia_id) VALUES (273, 28, 'Canción 273', '00:05:36', 'C', 1);
INSERT INTO cancion (id, album_id, nombre, duracion, clave, licencia_id) VALUES (274, 28, 'Canción 274', '00:04:14', 'D', 1);
INSERT INTO cancion (id, album_id, nombre, duracion, clave, licencia_id) VALUES (275, 28, 'Canción 275', '00:04:30', 'D', 5);
INSERT INTO cancion (id, album_id, nombre, duracion, clave, licencia_id) VALUES (276, 28, 'Canción 276', '00:05:13', 'C', 4);
INSERT INTO cancion (id, album_id, nombre, duracion, clave, licencia_id) VALUES (277, 28, 'Canción 277', '00:04:53', 'F', 1);
INSERT INTO cancion (id, album_id, nombre, duracion, clave, licencia_id) VALUES (278, 28, 'Canción 278', '00:05:41', 'G', 2);
INSERT INTO cancion (id, album_id, nombre, duracion, clave, licencia_id) VALUES (279, 28, 'Canción 279', '00:03:24', 'F', 1);
INSERT INTO cancion (id, album_id, nombre, duracion, clave, licencia_id) VALUES (280, 28, 'Canción 280', '00:05:56', 'C', 5);
INSERT INTO cancion (id, album_id, nombre, duracion, clave, licencia_id) VALUES (281, 29, 'Canción 281', '00:05:34', 'C', 3);
INSERT INTO cancion (id, album_id, nombre, duracion, clave, licencia_id) VALUES (282, 29, 'Canción 282', '00:05:43', 'C', 5);
INSERT INTO cancion (id, album_id, nombre, duracion, clave, licencia_id) VALUES (283, 29, 'Canción 283', '00:03:47', 'D', 5);
INSERT INTO cancion (id, album_id, nombre, duracion, clave, licencia_id) VALUES (284, 29, 'Canción 284', '00:04:51', 'D', 4);
INSERT INTO cancion (id, album_id, nombre, duracion, clave, licencia_id) VALUES (285, 29, 'Canción 285', '00:05:15', 'D', 5);
INSERT INTO cancion (id, album_id, nombre, duracion, clave, licencia_id) VALUES (286, 29, 'Canción 286', '00:05:46', 'G', 3);
INSERT INTO cancion (id, album_id, nombre, duracion, clave, licencia_id) VALUES (287, 29, 'Canción 287', '00:05:49', 'C', 1);
INSERT INTO cancion (id, album_id, nombre, duracion, clave, licencia_id) VALUES (288, 29, 'Canción 288', '00:03:22', 'C', 3);
INSERT INTO cancion (id, album_id, nombre, duracion, clave, licencia_id) VALUES (289, 29, 'Canción 289', '00:04:41', 'C', 2);
INSERT INTO cancion (id, album_id, nombre, duracion, clave, licencia_id) VALUES (290, 29, 'Canción 290', '00:03:16', 'F', 1);
INSERT INTO cancion (id, album_id, nombre, duracion, clave, licencia_id) VALUES (291, 30, 'Canción 291', '00:04:15', 'G', 3);
INSERT INTO cancion (id, album_id, nombre, duracion, clave, licencia_id) VALUES (292, 30, 'Canción 292', '00:03:29', 'F', 3);
INSERT INTO cancion (id, album_id, nombre, duracion, clave, licencia_id) VALUES (293, 30, 'Canción 293', '00:04:36', 'D', 1);
INSERT INTO cancion (id, album_id, nombre, duracion, clave, licencia_id) VALUES (294, 30, 'Canción 294', '00:04:27', 'G', 1);
INSERT INTO cancion (id, album_id, nombre, duracion, clave, licencia_id) VALUES (295, 30, 'Canción 295', '00:05:23', 'G', 3);
INSERT INTO cancion (id, album_id, nombre, duracion, clave, licencia_id) VALUES (296, 30, 'Canción 296', '00:04:33', 'D', 2);
INSERT INTO cancion (id, album_id, nombre, duracion, clave, licencia_id) VALUES (297, 30, 'Canción 297', '00:04:26', 'G', 4);
INSERT INTO cancion (id, album_id, nombre, duracion, clave, licencia_id) VALUES (298, 30, 'Canción 298', '00:05:12', 'C', 2);
INSERT INTO cancion (id, album_id, nombre, duracion, clave, licencia_id) VALUES (299, 30, 'Canción 299', '00:05:56', 'D', 1);
INSERT INTO cancion (id, album_id, nombre, duracion, clave, licencia_id) VALUES (300, 30, 'Canción 300', '00:03:49', 'F', 3);
INSERT INTO cancion (id, album_id, nombre, duracion, clave, licencia_id) VALUES (301, 31, 'Canción 301', '00:04:58', 'D', 2);
INSERT INTO cancion (id, album_id, nombre, duracion, clave, licencia_id) VALUES (302, 31, 'Canción 302', '00:03:40', 'D', 1);
INSERT INTO cancion (id, album_id, nombre, duracion, clave, licencia_id) VALUES (303, 31, 'Canción 303', '00:04:28', 'F', 1);
INSERT INTO cancion (id, album_id, nombre, duracion, clave, licencia_id) VALUES (304, 31, 'Canción 304', '00:04:37', 'F', 1);
INSERT INTO cancion (id, album_id, nombre, duracion, clave, licencia_id) VALUES (305, 31, 'Canción 305', '00:05:44', 'C', 3);
INSERT INTO cancion (id, album_id, nombre, duracion, clave, licencia_id) VALUES (306, 31, 'Canción 306', '00:04:39', 'C', 5);
INSERT INTO cancion (id, album_id, nombre, duracion, clave, licencia_id) VALUES (307, 31, 'Canción 307', '00:04:56', 'F', 1);
INSERT INTO cancion (id, album_id, nombre, duracion, clave, licencia_id) VALUES (308, 31, 'Canción 308', '00:03:41', 'F', 5);
INSERT INTO cancion (id, album_id, nombre, duracion, clave, licencia_id) VALUES (309, 31, 'Canción 309', '00:05:59', 'F', 5);
INSERT INTO cancion (id, album_id, nombre, duracion, clave, licencia_id) VALUES (310, 31, 'Canción 310', '00:04:54', 'F', 1);
INSERT INTO cancion (id, album_id, nombre, duracion, clave, licencia_id) VALUES (311, 32, 'Canción 311', '00:04:28', 'F', 4);
INSERT INTO cancion (id, album_id, nombre, duracion, clave, licencia_id) VALUES (312, 32, 'Canción 312', '00:03:45', 'F', 3);
INSERT INTO cancion (id, album_id, nombre, duracion, clave, licencia_id) VALUES (313, 32, 'Canción 313', '00:04:23', 'D', 4);
INSERT INTO cancion (id, album_id, nombre, duracion, clave, licencia_id) VALUES (314, 32, 'Canción 314', '00:03:58', 'G', 5);
INSERT INTO cancion (id, album_id, nombre, duracion, clave, licencia_id) VALUES (315, 32, 'Canción 315', '00:05:46', 'G', 4);
INSERT INTO cancion (id, album_id, nombre, duracion, clave, licencia_id) VALUES (316, 32, 'Canción 316', '00:03:47', 'D', 5);
INSERT INTO cancion (id, album_id, nombre, duracion, clave, licencia_id) VALUES (317, 32, 'Canción 317', '00:04:24', 'D', 1);
INSERT INTO cancion (id, album_id, nombre, duracion, clave, licencia_id) VALUES (318, 32, 'Canción 318', '00:04:31', 'G', 2);
INSERT INTO cancion (id, album_id, nombre, duracion, clave, licencia_id) VALUES (319, 32, 'Canción 319', '00:03:57', 'C', 3);
INSERT INTO cancion (id, album_id, nombre, duracion, clave, licencia_id) VALUES (320, 32, 'Canción 320', '00:03:59', 'D', 3);
INSERT INTO cancion (id, album_id, nombre, duracion, clave, licencia_id) VALUES (321, 33, 'Canción 321', '00:03:45', 'C', 2);
INSERT INTO cancion (id, album_id, nombre, duracion, clave, licencia_id) VALUES (322, 33, 'Canción 322', '00:04:15', 'F', 3);
INSERT INTO cancion (id, album_id, nombre, duracion, clave, licencia_id) VALUES (323, 33, 'Canción 323', '00:03:31', 'C', 3);
INSERT INTO cancion (id, album_id, nombre, duracion, clave, licencia_id) VALUES (324, 33, 'Canción 324', '00:05:59', 'D', 4);
INSERT INTO cancion (id, album_id, nombre, duracion, clave, licencia_id) VALUES (325, 33, 'Canción 325', '00:03:24', 'G', 5);
INSERT INTO cancion (id, album_id, nombre, duracion, clave, licencia_id) VALUES (326, 33, 'Canción 326', '00:04:30', 'G', 4);
INSERT INTO cancion (id, album_id, nombre, duracion, clave, licencia_id) VALUES (327, 33, 'Canción 327', '00:03:19', 'C', 2);
INSERT INTO cancion (id, album_id, nombre, duracion, clave, licencia_id) VALUES (328, 33, 'Canción 328', '00:04:51', 'F', 2);
INSERT INTO cancion (id, album_id, nombre, duracion, clave, licencia_id) VALUES (329, 33, 'Canción 329', '00:03:33', 'C', 1);
INSERT INTO cancion (id, album_id, nombre, duracion, clave, licencia_id) VALUES (330, 33, 'Canción 330', '00:03:28', 'F', 5);
INSERT INTO cancion (id, album_id, nombre, duracion, clave, licencia_id) VALUES (331, 34, 'Canción 331', '00:05:21', 'C', 5);
INSERT INTO cancion (id, album_id, nombre, duracion, clave, licencia_id) VALUES (332, 34, 'Canción 332', '00:05:52', 'D', 2);
INSERT INTO cancion (id, album_id, nombre, duracion, clave, licencia_id) VALUES (333, 34, 'Canción 333', '00:03:36', 'F', 1);
INSERT INTO cancion (id, album_id, nombre, duracion, clave, licencia_id) VALUES (334, 34, 'Canción 334', '00:03:18', 'D', 1);
INSERT INTO cancion (id, album_id, nombre, duracion, clave, licencia_id) VALUES (335, 34, 'Canción 335', '00:04:55', 'D', 5);
INSERT INTO cancion (id, album_id, nombre, duracion, clave, licencia_id) VALUES (336, 34, 'Canción 336', '00:03:46', 'C', 2);
INSERT INTO cancion (id, album_id, nombre, duracion, clave, licencia_id) VALUES (337, 34, 'Canción 337', '00:04:14', 'D', 5);
INSERT INTO cancion (id, album_id, nombre, duracion, clave, licencia_id) VALUES (338, 34, 'Canción 338', '00:05:24', 'C', 5);
INSERT INTO cancion (id, album_id, nombre, duracion, clave, licencia_id) VALUES (339, 34, 'Canción 339', '00:03:18', 'G', 2);
INSERT INTO cancion (id, album_id, nombre, duracion, clave, licencia_id) VALUES (340, 34, 'Canción 340', '00:05:14', 'G', 3);
INSERT INTO cancion (id, album_id, nombre, duracion, clave, licencia_id) VALUES (341, 35, 'Canción 341', '00:05:47', 'G', 3);
INSERT INTO cancion (id, album_id, nombre, duracion, clave, licencia_id) VALUES (342, 35, 'Canción 342', '00:04:13', 'G', 5);
INSERT INTO cancion (id, album_id, nombre, duracion, clave, licencia_id) VALUES (343, 35, 'Canción 343', '00:05:11', 'F', 5);
INSERT INTO cancion (id, album_id, nombre, duracion, clave, licencia_id) VALUES (344, 35, 'Canción 344', '00:03:22', 'C', 1);
INSERT INTO cancion (id, album_id, nombre, duracion, clave, licencia_id) VALUES (345, 35, 'Canción 345', '00:05:15', 'F', 2);
INSERT INTO cancion (id, album_id, nombre, duracion, clave, licencia_id) VALUES (346, 35, 'Canción 346', '00:04:27', 'F', 5);
INSERT INTO cancion (id, album_id, nombre, duracion, clave, licencia_id) VALUES (347, 35, 'Canción 347', '00:03:42', 'C', 2);
INSERT INTO cancion (id, album_id, nombre, duracion, clave, licencia_id) VALUES (348, 35, 'Canción 348', '00:05:47', 'D', 1);
INSERT INTO cancion (id, album_id, nombre, duracion, clave, licencia_id) VALUES (349, 35, 'Canción 349', '00:05:41', 'F', 2);
INSERT INTO cancion (id, album_id, nombre, duracion, clave, licencia_id) VALUES (350, 35, 'Canción 350', '00:05:24', 'D', 3);
INSERT INTO cancion (id, album_id, nombre, duracion, clave, licencia_id) VALUES (351, 36, 'Canción 351', '00:03:46', 'D', 5);
INSERT INTO cancion (id, album_id, nombre, duracion, clave, licencia_id) VALUES (352, 36, 'Canción 352', '00:05:24', 'C', 1);
INSERT INTO cancion (id, album_id, nombre, duracion, clave, licencia_id) VALUES (353, 36, 'Canción 353', '00:05:26', 'C', 2);
INSERT INTO cancion (id, album_id, nombre, duracion, clave, licencia_id) VALUES (354, 36, 'Canción 354', '00:04:25', 'G', 5);
INSERT INTO cancion (id, album_id, nombre, duracion, clave, licencia_id) VALUES (355, 36, 'Canción 355', '00:04:34', 'D', 1);
INSERT INTO cancion (id, album_id, nombre, duracion, clave, licencia_id) VALUES (356, 36, 'Canción 356', '00:05:51', 'G', 4);
INSERT INTO cancion (id, album_id, nombre, duracion, clave, licencia_id) VALUES (357, 36, 'Canción 357', '00:03:39', 'D', 5);
INSERT INTO cancion (id, album_id, nombre, duracion, clave, licencia_id) VALUES (358, 36, 'Canción 358', '00:03:13', 'G', 1);
INSERT INTO cancion (id, album_id, nombre, duracion, clave, licencia_id) VALUES (359, 36, 'Canción 359', '00:03:28', 'F', 3);
INSERT INTO cancion (id, album_id, nombre, duracion, clave, licencia_id) VALUES (360, 36, 'Canción 360', '00:04:29', 'D', 4);
INSERT INTO cancion (id, album_id, nombre, duracion, clave, licencia_id) VALUES (361, 37, 'Canción 361', '00:05:19', 'F', 1);
INSERT INTO cancion (id, album_id, nombre, duracion, clave, licencia_id) VALUES (362, 37, 'Canción 362', '00:03:25', 'C', 4);
INSERT INTO cancion (id, album_id, nombre, duracion, clave, licencia_id) VALUES (363, 37, 'Canción 363', '00:03:30', 'F', 5);
INSERT INTO cancion (id, album_id, nombre, duracion, clave, licencia_id) VALUES (364, 37, 'Canción 364', '00:04:35', 'G', 4);
INSERT INTO cancion (id, album_id, nombre, duracion, clave, licencia_id) VALUES (365, 37, 'Canción 365', '00:05:38', 'G', 3);
INSERT INTO cancion (id, album_id, nombre, duracion, clave, licencia_id) VALUES (366, 37, 'Canción 366', '00:03:54', 'F', 1);
INSERT INTO cancion (id, album_id, nombre, duracion, clave, licencia_id) VALUES (367, 37, 'Canción 367', '00:05:57', 'C', 3);
INSERT INTO cancion (id, album_id, nombre, duracion, clave, licencia_id) VALUES (368, 37, 'Canción 368', '00:05:11', 'D', 5);
INSERT INTO cancion (id, album_id, nombre, duracion, clave, licencia_id) VALUES (369, 37, 'Canción 369', '00:04:18', 'D', 2);
INSERT INTO cancion (id, album_id, nombre, duracion, clave, licencia_id) VALUES (370, 37, 'Canción 370', '00:04:25', 'G', 2);
INSERT INTO cancion (id, album_id, nombre, duracion, clave, licencia_id) VALUES (371, 38, 'Canción 371', '00:04:59', 'D', 1);
INSERT INTO cancion (id, album_id, nombre, duracion, clave, licencia_id) VALUES (372, 38, 'Canción 372', '00:05:34', 'C', 1);
INSERT INTO cancion (id, album_id, nombre, duracion, clave, licencia_id) VALUES (373, 38, 'Canción 373', '00:03:26', 'D', 3);
INSERT INTO cancion (id, album_id, nombre, duracion, clave, licencia_id) VALUES (374, 38, 'Canción 374', '00:04:32', 'D', 5);
INSERT INTO cancion (id, album_id, nombre, duracion, clave, licencia_id) VALUES (375, 38, 'Canción 375', '00:03:41', 'F', 3);
INSERT INTO cancion (id, album_id, nombre, duracion, clave, licencia_id) VALUES (376, 38, 'Canción 376', '00:05:59', 'C', 2);
INSERT INTO cancion (id, album_id, nombre, duracion, clave, licencia_id) VALUES (377, 38, 'Canción 377', '00:03:57', 'C', 1);
INSERT INTO cancion (id, album_id, nombre, duracion, clave, licencia_id) VALUES (378, 38, 'Canción 378', '00:05:21', 'D', 5);
INSERT INTO cancion (id, album_id, nombre, duracion, clave, licencia_id) VALUES (379, 38, 'Canción 379', '00:05:32', 'G', 1);
INSERT INTO cancion (id, album_id, nombre, duracion, clave, licencia_id) VALUES (380, 38, 'Canción 380', '00:04:59', 'D', 3);
INSERT INTO cancion (id, album_id, nombre, duracion, clave, licencia_id) VALUES (381, 39, 'Canción 381', '00:05:14', 'F', 1);
INSERT INTO cancion (id, album_id, nombre, duracion, clave, licencia_id) VALUES (382, 39, 'Canción 382', '00:05:13', 'F', 4);
INSERT INTO cancion (id, album_id, nombre, duracion, clave, licencia_id) VALUES (383, 39, 'Canción 383', '00:04:44', 'G', 1);
INSERT INTO cancion (id, album_id, nombre, duracion, clave, licencia_id) VALUES (384, 39, 'Canción 384', '00:05:25', 'C', 2);
INSERT INTO cancion (id, album_id, nombre, duracion, clave, licencia_id) VALUES (385, 39, 'Canción 385', '00:05:22', 'G', 2);
INSERT INTO cancion (id, album_id, nombre, duracion, clave, licencia_id) VALUES (386, 39, 'Canción 386', '00:04:41', 'C', 5);
INSERT INTO cancion (id, album_id, nombre, duracion, clave, licencia_id) VALUES (387, 39, 'Canción 387', '00:03:35', 'C', 1);
INSERT INTO cancion (id, album_id, nombre, duracion, clave, licencia_id) VALUES (388, 39, 'Canción 388', '00:04:24', 'G', 2);
INSERT INTO cancion (id, album_id, nombre, duracion, clave, licencia_id) VALUES (389, 39, 'Canción 389', '00:04:58', 'G', 2);
INSERT INTO cancion (id, album_id, nombre, duracion, clave, licencia_id) VALUES (390, 39, 'Canción 390', '00:04:22', 'C', 4);
INSERT INTO cancion (id, album_id, nombre, duracion, clave, licencia_id) VALUES (391, 40, 'Canción 391', '00:03:50', 'D', 2);
INSERT INTO cancion (id, album_id, nombre, duracion, clave, licencia_id) VALUES (392, 40, 'Canción 392', '00:05:57', 'G', 4);
INSERT INTO cancion (id, album_id, nombre, duracion, clave, licencia_id) VALUES (393, 40, 'Canción 393', '00:04:16', 'D', 2);
INSERT INTO cancion (id, album_id, nombre, duracion, clave, licencia_id) VALUES (394, 40, 'Canción 394', '00:04:48', 'C', 2);
INSERT INTO cancion (id, album_id, nombre, duracion, clave, licencia_id) VALUES (395, 40, 'Canción 395', '00:05:20', 'C', 2);
INSERT INTO cancion (id, album_id, nombre, duracion, clave, licencia_id) VALUES (396, 40, 'Canción 396', '00:03:43', 'F', 3);
INSERT INTO cancion (id, album_id, nombre, duracion, clave, licencia_id) VALUES (397, 40, 'Canción 397', '00:05:56', 'F', 2);
INSERT INTO cancion (id, album_id, nombre, duracion, clave, licencia_id) VALUES (398, 40, 'Canción 398', '00:04:57', 'C', 1);
INSERT INTO cancion (id, album_id, nombre, duracion, clave, licencia_id) VALUES (399, 40, 'Canción 399', '00:03:40', 'D', 1);
INSERT INTO cancion (id, album_id, nombre, duracion, clave, licencia_id) VALUES (400, 40, 'Canción 400', '00:03:22', 'F', 2);
INSERT INTO cancion (id, album_id, nombre, duracion, clave, licencia_id) VALUES (401, 41, 'Canción 401', '00:03:50', 'G', 4);
INSERT INTO cancion (id, album_id, nombre, duracion, clave, licencia_id) VALUES (402, 41, 'Canción 402', '00:04:24', 'C', 2);
INSERT INTO cancion (id, album_id, nombre, duracion, clave, licencia_id) VALUES (403, 41, 'Canción 403', '00:05:38', 'C', 1);
INSERT INTO cancion (id, album_id, nombre, duracion, clave, licencia_id) VALUES (404, 41, 'Canción 404', '00:03:57', 'C', 4);
INSERT INTO cancion (id, album_id, nombre, duracion, clave, licencia_id) VALUES (405, 41, 'Canción 405', '00:04:55', 'C', 5);
INSERT INTO cancion (id, album_id, nombre, duracion, clave, licencia_id) VALUES (406, 41, 'Canción 406', '00:04:44', 'F', 5);
INSERT INTO cancion (id, album_id, nombre, duracion, clave, licencia_id) VALUES (407, 41, 'Canción 407', '00:03:25', 'D', 2);
INSERT INTO cancion (id, album_id, nombre, duracion, clave, licencia_id) VALUES (408, 41, 'Canción 408', '00:03:46', 'G', 2);
INSERT INTO cancion (id, album_id, nombre, duracion, clave, licencia_id) VALUES (409, 41, 'Canción 409', '00:05:48', 'G', 2);
INSERT INTO cancion (id, album_id, nombre, duracion, clave, licencia_id) VALUES (410, 41, 'Canción 410', '00:03:27', 'C', 2);
INSERT INTO cancion (id, album_id, nombre, duracion, clave, licencia_id) VALUES (411, 42, 'Canción 411', '00:04:23', 'C', 4);
INSERT INTO cancion (id, album_id, nombre, duracion, clave, licencia_id) VALUES (412, 42, 'Canción 412', '00:03:41', 'D', 1);
INSERT INTO cancion (id, album_id, nombre, duracion, clave, licencia_id) VALUES (413, 42, 'Canción 413', '00:04:21', 'F', 1);
INSERT INTO cancion (id, album_id, nombre, duracion, clave, licencia_id) VALUES (414, 42, 'Canción 414', '00:04:43', 'C', 1);
INSERT INTO cancion (id, album_id, nombre, duracion, clave, licencia_id) VALUES (415, 42, 'Canción 415', '00:03:36', 'D', 5);
INSERT INTO cancion (id, album_id, nombre, duracion, clave, licencia_id) VALUES (416, 42, 'Canción 416', '00:03:42', 'F', 5);
INSERT INTO cancion (id, album_id, nombre, duracion, clave, licencia_id) VALUES (417, 42, 'Canción 417', '00:03:15', 'D', 1);
INSERT INTO cancion (id, album_id, nombre, duracion, clave, licencia_id) VALUES (418, 42, 'Canción 418', '00:03:44', 'C', 1);
INSERT INTO cancion (id, album_id, nombre, duracion, clave, licencia_id) VALUES (419, 42, 'Canción 419', '00:05:25', 'C', 2);
INSERT INTO cancion (id, album_id, nombre, duracion, clave, licencia_id) VALUES (420, 42, 'Canción 420', '00:05:51', 'D', 5);
INSERT INTO cancion (id, album_id, nombre, duracion, clave, licencia_id) VALUES (421, 43, 'Canción 421', '00:03:55', 'C', 2);
INSERT INTO cancion (id, album_id, nombre, duracion, clave, licencia_id) VALUES (422, 43, 'Canción 422', '00:04:18', 'C', 5);
INSERT INTO cancion (id, album_id, nombre, duracion, clave, licencia_id) VALUES (423, 43, 'Canción 423', '00:03:33', 'F', 4);
INSERT INTO cancion (id, album_id, nombre, duracion, clave, licencia_id) VALUES (424, 43, 'Canción 424', '00:03:50', 'F', 3);
INSERT INTO cancion (id, album_id, nombre, duracion, clave, licencia_id) VALUES (425, 43, 'Canción 425', '00:03:13', 'G', 3);
INSERT INTO cancion (id, album_id, nombre, duracion, clave, licencia_id) VALUES (426, 43, 'Canción 426', '00:03:44', 'D', 4);
INSERT INTO cancion (id, album_id, nombre, duracion, clave, licencia_id) VALUES (427, 43, 'Canción 427', '00:03:47', 'F', 2);
INSERT INTO cancion (id, album_id, nombre, duracion, clave, licencia_id) VALUES (428, 43, 'Canción 428', '00:03:31', 'C', 1);
INSERT INTO cancion (id, album_id, nombre, duracion, clave, licencia_id) VALUES (429, 43, 'Canción 429', '00:04:14', 'G', 4);
INSERT INTO cancion (id, album_id, nombre, duracion, clave, licencia_id) VALUES (430, 43, 'Canción 430', '00:05:49', 'F', 5);
INSERT INTO cancion (id, album_id, nombre, duracion, clave, licencia_id) VALUES (431, 44, 'Canción 431', '00:03:32', 'D', 2);
INSERT INTO cancion (id, album_id, nombre, duracion, clave, licencia_id) VALUES (432, 44, 'Canción 432', '00:05:15', 'F', 5);
INSERT INTO cancion (id, album_id, nombre, duracion, clave, licencia_id) VALUES (433, 44, 'Canción 433', '00:04:33', 'D', 3);
INSERT INTO cancion (id, album_id, nombre, duracion, clave, licencia_id) VALUES (434, 44, 'Canción 434', '00:05:28', 'D', 4);
INSERT INTO cancion (id, album_id, nombre, duracion, clave, licencia_id) VALUES (435, 44, 'Canción 435', '00:04:39', 'C', 4);
INSERT INTO cancion (id, album_id, nombre, duracion, clave, licencia_id) VALUES (436, 44, 'Canción 436', '00:04:11', 'F', 3);
INSERT INTO cancion (id, album_id, nombre, duracion, clave, licencia_id) VALUES (437, 44, 'Canción 437', '00:05:30', 'D', 1);
INSERT INTO cancion (id, album_id, nombre, duracion, clave, licencia_id) VALUES (438, 44, 'Canción 438', '00:04:18', 'F', 5);
INSERT INTO cancion (id, album_id, nombre, duracion, clave, licencia_id) VALUES (439, 44, 'Canción 439', '00:03:26', 'F', 1);
INSERT INTO cancion (id, album_id, nombre, duracion, clave, licencia_id) VALUES (440, 44, 'Canción 440', '00:05:40', 'D', 1);
INSERT INTO cancion (id, album_id, nombre, duracion, clave, licencia_id) VALUES (441, 45, 'Canción 441', '00:03:32', 'D', 2);
INSERT INTO cancion (id, album_id, nombre, duracion, clave, licencia_id) VALUES (442, 45, 'Canción 442', '00:03:26', 'G', 1);
INSERT INTO cancion (id, album_id, nombre, duracion, clave, licencia_id) VALUES (443, 45, 'Canción 443', '00:05:46', 'G', 3);
INSERT INTO cancion (id, album_id, nombre, duracion, clave, licencia_id) VALUES (444, 45, 'Canción 444', '00:05:22', 'G', 2);
INSERT INTO cancion (id, album_id, nombre, duracion, clave, licencia_id) VALUES (445, 45, 'Canción 445', '00:04:51', 'C', 5);
INSERT INTO cancion (id, album_id, nombre, duracion, clave, licencia_id) VALUES (446, 45, 'Canción 446', '00:03:52', 'D', 3);
INSERT INTO cancion (id, album_id, nombre, duracion, clave, licencia_id) VALUES (447, 45, 'Canción 447', '00:05:35', 'D', 4);
INSERT INTO cancion (id, album_id, nombre, duracion, clave, licencia_id) VALUES (448, 45, 'Canción 448', '00:04:54', 'G', 1);
INSERT INTO cancion (id, album_id, nombre, duracion, clave, licencia_id) VALUES (449, 45, 'Canción 449', '00:05:25', 'D', 1);
INSERT INTO cancion (id, album_id, nombre, duracion, clave, licencia_id) VALUES (450, 45, 'Canción 450', '00:03:10', 'D', 2);
INSERT INTO cancion (id, album_id, nombre, duracion, clave, licencia_id) VALUES (451, 46, 'Canción 451', '00:03:29', 'G', 4);
INSERT INTO cancion (id, album_id, nombre, duracion, clave, licencia_id) VALUES (452, 46, 'Canción 452', '00:03:37', 'D', 4);
INSERT INTO cancion (id, album_id, nombre, duracion, clave, licencia_id) VALUES (453, 46, 'Canción 453', '00:04:12', 'F', 1);
INSERT INTO cancion (id, album_id, nombre, duracion, clave, licencia_id) VALUES (454, 46, 'Canción 454', '00:04:18', 'C', 4);
INSERT INTO cancion (id, album_id, nombre, duracion, clave, licencia_id) VALUES (455, 46, 'Canción 455', '00:04:43', 'F', 2);
INSERT INTO cancion (id, album_id, nombre, duracion, clave, licencia_id) VALUES (456, 46, 'Canción 456', '00:04:48', 'F', 3);
INSERT INTO cancion (id, album_id, nombre, duracion, clave, licencia_id) VALUES (457, 46, 'Canción 457', '00:05:47', 'F', 5);
INSERT INTO cancion (id, album_id, nombre, duracion, clave, licencia_id) VALUES (458, 46, 'Canción 458', '00:03:25', 'C', 2);
INSERT INTO cancion (id, album_id, nombre, duracion, clave, licencia_id) VALUES (459, 46, 'Canción 459', '00:05:26', 'G', 2);
INSERT INTO cancion (id, album_id, nombre, duracion, clave, licencia_id) VALUES (460, 46, 'Canción 460', '00:04:41', 'F', 3);
INSERT INTO cancion (id, album_id, nombre, duracion, clave, licencia_id) VALUES (461, 47, 'Canción 461', '00:03:17', 'D', 5);
INSERT INTO cancion (id, album_id, nombre, duracion, clave, licencia_id) VALUES (462, 47, 'Canción 462', '00:05:56', 'D', 4);
INSERT INTO cancion (id, album_id, nombre, duracion, clave, licencia_id) VALUES (463, 47, 'Canción 463', '00:05:51', 'C', 5);
INSERT INTO cancion (id, album_id, nombre, duracion, clave, licencia_id) VALUES (464, 47, 'Canción 464', '00:04:50', 'C', 5);
INSERT INTO cancion (id, album_id, nombre, duracion, clave, licencia_id) VALUES (465, 47, 'Canción 465', '00:04:16', 'G', 3);
INSERT INTO cancion (id, album_id, nombre, duracion, clave, licencia_id) VALUES (466, 47, 'Canción 466', '00:03:49', 'G', 3);
INSERT INTO cancion (id, album_id, nombre, duracion, clave, licencia_id) VALUES (467, 47, 'Canción 467', '00:04:34', 'G', 2);
INSERT INTO cancion (id, album_id, nombre, duracion, clave, licencia_id) VALUES (468, 47, 'Canción 468', '00:04:43', 'C', 2);
INSERT INTO cancion (id, album_id, nombre, duracion, clave, licencia_id) VALUES (469, 47, 'Canción 469', '00:05:15', 'F', 3);
INSERT INTO cancion (id, album_id, nombre, duracion, clave, licencia_id) VALUES (470, 47, 'Canción 470', '00:05:47', 'D', 2);
INSERT INTO cancion (id, album_id, nombre, duracion, clave, licencia_id) VALUES (471, 48, 'Canción 471', '00:04:59', 'G', 2);
INSERT INTO cancion (id, album_id, nombre, duracion, clave, licencia_id) VALUES (472, 48, 'Canción 472', '00:03:36', 'C', 1);
INSERT INTO cancion (id, album_id, nombre, duracion, clave, licencia_id) VALUES (473, 48, 'Canción 473', '00:05:21', 'G', 1);
INSERT INTO cancion (id, album_id, nombre, duracion, clave, licencia_id) VALUES (474, 48, 'Canción 474', '00:04:32', 'D', 2);
INSERT INTO cancion (id, album_id, nombre, duracion, clave, licencia_id) VALUES (475, 48, 'Canción 475', '00:04:41', 'F', 2);
INSERT INTO cancion (id, album_id, nombre, duracion, clave, licencia_id) VALUES (476, 48, 'Canción 476', '00:03:46', 'G', 2);
INSERT INTO cancion (id, album_id, nombre, duracion, clave, licencia_id) VALUES (477, 48, 'Canción 477', '00:05:12', 'G', 5);
INSERT INTO cancion (id, album_id, nombre, duracion, clave, licencia_id) VALUES (478, 48, 'Canción 478', '00:03:24', 'C', 3);
INSERT INTO cancion (id, album_id, nombre, duracion, clave, licencia_id) VALUES (479, 48, 'Canción 479', '00:05:11', 'D', 4);
INSERT INTO cancion (id, album_id, nombre, duracion, clave, licencia_id) VALUES (480, 48, 'Canción 480', '00:04:51', 'C', 3);
INSERT INTO cancion (id, album_id, nombre, duracion, clave, licencia_id) VALUES (481, 49, 'Canción 481', '00:05:49', 'F', 1);
INSERT INTO cancion (id, album_id, nombre, duracion, clave, licencia_id) VALUES (482, 49, 'Canción 482', '00:05:49', 'F', 5);
INSERT INTO cancion (id, album_id, nombre, duracion, clave, licencia_id) VALUES (483, 49, 'Canción 483', '00:03:40', 'G', 2);
INSERT INTO cancion (id, album_id, nombre, duracion, clave, licencia_id) VALUES (484, 49, 'Canción 484', '00:05:34', 'C', 1);
INSERT INTO cancion (id, album_id, nombre, duracion, clave, licencia_id) VALUES (485, 49, 'Canción 485', '00:05:18', 'F', 5);
INSERT INTO cancion (id, album_id, nombre, duracion, clave, licencia_id) VALUES (486, 49, 'Canción 486', '00:05:30', 'F', 4);
INSERT INTO cancion (id, album_id, nombre, duracion, clave, licencia_id) VALUES (487, 49, 'Canción 487', '00:03:53', 'G', 1);
INSERT INTO cancion (id, album_id, nombre, duracion, clave, licencia_id) VALUES (488, 49, 'Canción 488', '00:05:34', 'G', 5);
INSERT INTO cancion (id, album_id, nombre, duracion, clave, licencia_id) VALUES (489, 49, 'Canción 489', '00:03:50', 'D', 4);
INSERT INTO cancion (id, album_id, nombre, duracion, clave, licencia_id) VALUES (490, 49, 'Canción 490', '00:05:53', 'F', 4);
INSERT INTO cancion (id, album_id, nombre, duracion, clave, licencia_id) VALUES (491, 50, 'Canción 491', '00:03:36', 'G', 1);
INSERT INTO cancion (id, album_id, nombre, duracion, clave, licencia_id) VALUES (492, 50, 'Canción 492', '00:03:23', 'D', 2);
INSERT INTO cancion (id, album_id, nombre, duracion, clave, licencia_id) VALUES (493, 50, 'Canción 493', '00:05:10', 'F', 3);
INSERT INTO cancion (id, album_id, nombre, duracion, clave, licencia_id) VALUES (494, 50, 'Canción 494', '00:03:42', 'G', 1);
INSERT INTO cancion (id, album_id, nombre, duracion, clave, licencia_id) VALUES (495, 50, 'Canción 495', '00:05:58', 'G', 3);
INSERT INTO cancion (id, album_id, nombre, duracion, clave, licencia_id) VALUES (496, 50, 'Canción 496', '00:04:26', 'C', 4);
INSERT INTO cancion (id, album_id, nombre, duracion, clave, licencia_id) VALUES (497, 50, 'Canción 497', '00:05:23', 'F', 4);
INSERT INTO cancion (id, album_id, nombre, duracion, clave, licencia_id) VALUES (498, 50, 'Canción 498', '00:05:42', 'G', 2);
INSERT INTO cancion (id, album_id, nombre, duracion, clave, licencia_id) VALUES (499, 50, 'Canción 499', '00:03:29', 'F', 3);
INSERT INTO cancion (id, album_id, nombre, duracion, clave, licencia_id) VALUES (500, 50, 'Canción 500', '00:04:28', 'D', 4);
INSERT INTO playlist (id, usuario_id, nombre) VALUES (1, 1, 'Playlist 1');
INSERT INTO playlist (id, usuario_id, nombre) VALUES (2, 2, 'Playlist 2');
INSERT INTO playlist (id, usuario_id, nombre) VALUES (3, 3, 'Playlist 3');
INSERT INTO playlist (id, usuario_id, nombre) VALUES (4, 4, 'Playlist 4');
INSERT INTO playlist (id, usuario_id, nombre) VALUES (5, 5, 'Playlist 5');
INSERT INTO colaboracion (artista_id, cancion_id, tipo_colaboracion) VALUES (1, 1, 'voz');
INSERT INTO colaboracion (artista_id, cancion_id, tipo_colaboracion) VALUES (2, 2, 'voz');
INSERT INTO colaboracion (artista_id, cancion_id, tipo_colaboracion) VALUES (3, 3, 'voz');
INSERT INTO colaboracion (artista_id, cancion_id, tipo_colaboracion) VALUES (4, 4, 'voz');
INSERT INTO colaboracion (artista_id, cancion_id, tipo_colaboracion) VALUES (5, 5, 'voz');
INSERT INTO cancion_genero (cancion_id, genero_id) VALUES (1, 5);
INSERT INTO cancion_genero (cancion_id, genero_id) VALUES (2, 3);
INSERT INTO cancion_genero (cancion_id, genero_id) VALUES (3, 5);
INSERT INTO cancion_genero (cancion_id, genero_id) VALUES (4, 5);
INSERT INTO cancion_genero (cancion_id, genero_id) VALUES (5, 4);
INSERT INTO cancion_genero (cancion_id, genero_id) VALUES (6, 3);
INSERT INTO cancion_genero (cancion_id, genero_id) VALUES (7, 2);
INSERT INTO cancion_genero (cancion_id, genero_id) VALUES (8, 4);
INSERT INTO cancion_genero (cancion_id, genero_id) VALUES (9, 1);
INSERT INTO cancion_genero (cancion_id, genero_id) VALUES (10, 5);
INSERT INTO cancion_genero (cancion_id, genero_id) VALUES (11, 1);
INSERT INTO cancion_genero (cancion_id, genero_id) VALUES (12, 2);
INSERT INTO cancion_genero (cancion_id, genero_id) VALUES (13, 4);
INSERT INTO cancion_genero (cancion_id, genero_id) VALUES (14, 5);
INSERT INTO cancion_genero (cancion_id, genero_id) VALUES (15, 1);
INSERT INTO cancion_genero (cancion_id, genero_id) VALUES (16, 5);
INSERT INTO cancion_genero (cancion_id, genero_id) VALUES (17, 5);
INSERT INTO cancion_genero (cancion_id, genero_id) VALUES (18, 4);
INSERT INTO cancion_genero (cancion_id, genero_id) VALUES (19, 3);
INSERT INTO cancion_genero (cancion_id, genero_id) VALUES (20, 2);
INSERT INTO cancion_genero (cancion_id, genero_id) VALUES (21, 2);
INSERT INTO cancion_genero (cancion_id, genero_id) VALUES (22, 3);
INSERT INTO cancion_genero (cancion_id, genero_id) VALUES (23, 4);
INSERT INTO cancion_genero (cancion_id, genero_id) VALUES (24, 2);
INSERT INTO cancion_genero (cancion_id, genero_id) VALUES (25, 3);
INSERT INTO cancion_genero (cancion_id, genero_id) VALUES (26, 3);
INSERT INTO cancion_genero (cancion_id, genero_id) VALUES (27, 1);
INSERT INTO cancion_genero (cancion_id, genero_id) VALUES (28, 1);
INSERT INTO cancion_genero (cancion_id, genero_id) VALUES (29, 3);
INSERT INTO cancion_genero (cancion_id, genero_id) VALUES (30, 3);
INSERT INTO cancion_genero (cancion_id, genero_id) VALUES (31, 3);
INSERT INTO cancion_genero (cancion_id, genero_id) VALUES (32, 5);
INSERT INTO cancion_genero (cancion_id, genero_id) VALUES (33, 2);
INSERT INTO cancion_genero (cancion_id, genero_id) VALUES (34, 2);
INSERT INTO cancion_genero (cancion_id, genero_id) VALUES (35, 5);
INSERT INTO cancion_genero (cancion_id, genero_id) VALUES (36, 2);
INSERT INTO cancion_genero (cancion_id, genero_id) VALUES (37, 2);
INSERT INTO cancion_genero (cancion_id, genero_id) VALUES (38, 4);
INSERT INTO cancion_genero (cancion_id, genero_id) VALUES (39, 2);
INSERT INTO cancion_genero (cancion_id, genero_id) VALUES (40, 2);
INSERT INTO cancion_genero (cancion_id, genero_id) VALUES (41, 5);
INSERT INTO cancion_genero (cancion_id, genero_id) VALUES (42, 3);
INSERT INTO cancion_genero (cancion_id, genero_id) VALUES (43, 5);
INSERT INTO cancion_genero (cancion_id, genero_id) VALUES (44, 5);
INSERT INTO cancion_genero (cancion_id, genero_id) VALUES (45, 5);
INSERT INTO cancion_genero (cancion_id, genero_id) VALUES (46, 4);
INSERT INTO cancion_genero (cancion_id, genero_id) VALUES (47, 4);
INSERT INTO cancion_genero (cancion_id, genero_id) VALUES (48, 1);
INSERT INTO cancion_genero (cancion_id, genero_id) VALUES (49, 5);
INSERT INTO cancion_genero (cancion_id, genero_id) VALUES (50, 5);
INSERT INTO cancion_genero (cancion_id, genero_id) VALUES (51, 5);
INSERT INTO cancion_genero (cancion_id, genero_id) VALUES (52, 5);
INSERT INTO cancion_genero (cancion_id, genero_id) VALUES (53, 5);
INSERT INTO cancion_genero (cancion_id, genero_id) VALUES (54, 4);
INSERT INTO cancion_genero (cancion_id, genero_id) VALUES (55, 4);
INSERT INTO cancion_genero (cancion_id, genero_id) VALUES (56, 1);
INSERT INTO cancion_genero (cancion_id, genero_id) VALUES (57, 1);
INSERT INTO cancion_genero (cancion_id, genero_id) VALUES (58, 4);
INSERT INTO cancion_genero (cancion_id, genero_id) VALUES (59, 5);
INSERT INTO cancion_genero (cancion_id, genero_id) VALUES (60, 5);
INSERT INTO cancion_genero (cancion_id, genero_id) VALUES (61, 2);
INSERT INTO cancion_genero (cancion_id, genero_id) VALUES (62, 5);
INSERT INTO cancion_genero (cancion_id, genero_id) VALUES (63, 4);
INSERT INTO cancion_genero (cancion_id, genero_id) VALUES (64, 4);
INSERT INTO cancion_genero (cancion_id, genero_id) VALUES (65, 2);
INSERT INTO cancion_genero (cancion_id, genero_id) VALUES (66, 4);
INSERT INTO cancion_genero (cancion_id, genero_id) VALUES (67, 1);
INSERT INTO cancion_genero (cancion_id, genero_id) VALUES (68, 4);
INSERT INTO cancion_genero (cancion_id, genero_id) VALUES (69, 1);
INSERT INTO cancion_genero (cancion_id, genero_id) VALUES (70, 2);
INSERT INTO cancion_genero (cancion_id, genero_id) VALUES (71, 3);
INSERT INTO cancion_genero (cancion_id, genero_id) VALUES (72, 3);
INSERT INTO cancion_genero (cancion_id, genero_id) VALUES (73, 2);
INSERT INTO cancion_genero (cancion_id, genero_id) VALUES (74, 4);
INSERT INTO cancion_genero (cancion_id, genero_id) VALUES (75, 4);
INSERT INTO cancion_genero (cancion_id, genero_id) VALUES (76, 1);
INSERT INTO cancion_genero (cancion_id, genero_id) VALUES (77, 2);
INSERT INTO cancion_genero (cancion_id, genero_id) VALUES (78, 1);
INSERT INTO cancion_genero (cancion_id, genero_id) VALUES (79, 1);
INSERT INTO cancion_genero (cancion_id, genero_id) VALUES (80, 2);
INSERT INTO cancion_genero (cancion_id, genero_id) VALUES (81, 1);
INSERT INTO cancion_genero (cancion_id, genero_id) VALUES (82, 5);
INSERT INTO cancion_genero (cancion_id, genero_id) VALUES (83, 3);
INSERT INTO cancion_genero (cancion_id, genero_id) VALUES (84, 4);
INSERT INTO cancion_genero (cancion_id, genero_id) VALUES (85, 3);
INSERT INTO cancion_genero (cancion_id, genero_id) VALUES (86, 3);
INSERT INTO cancion_genero (cancion_id, genero_id) VALUES (87, 3);
INSERT INTO cancion_genero (cancion_id, genero_id) VALUES (88, 4);
INSERT INTO cancion_genero (cancion_id, genero_id) VALUES (89, 1);
INSERT INTO cancion_genero (cancion_id, genero_id) VALUES (90, 5);
INSERT INTO cancion_genero (cancion_id, genero_id) VALUES (91, 2);
INSERT INTO cancion_genero (cancion_id, genero_id) VALUES (92, 4);
INSERT INTO cancion_genero (cancion_id, genero_id) VALUES (93, 3);
INSERT INTO cancion_genero (cancion_id, genero_id) VALUES (94, 1);
INSERT INTO cancion_genero (cancion_id, genero_id) VALUES (95, 3);
INSERT INTO cancion_genero (cancion_id, genero_id) VALUES (96, 2);
INSERT INTO cancion_genero (cancion_id, genero_id) VALUES (97, 5);
INSERT INTO cancion_genero (cancion_id, genero_id) VALUES (98, 3);
INSERT INTO cancion_genero (cancion_id, genero_id) VALUES (99, 1);
INSERT INTO cancion_genero (cancion_id, genero_id) VALUES (100, 4);
INSERT INTO cancion_genero (cancion_id, genero_id) VALUES (101, 3);
INSERT INTO cancion_genero (cancion_id, genero_id) VALUES (102, 5);
INSERT INTO cancion_genero (cancion_id, genero_id) VALUES (103, 4);
INSERT INTO cancion_genero (cancion_id, genero_id) VALUES (104, 1);
INSERT INTO cancion_genero (cancion_id, genero_id) VALUES (105, 5);
INSERT INTO cancion_genero (cancion_id, genero_id) VALUES (106, 2);
INSERT INTO cancion_genero (cancion_id, genero_id) VALUES (107, 1);
INSERT INTO cancion_genero (cancion_id, genero_id) VALUES (108, 5);
INSERT INTO cancion_genero (cancion_id, genero_id) VALUES (109, 4);
INSERT INTO cancion_genero (cancion_id, genero_id) VALUES (110, 3);
INSERT INTO cancion_genero (cancion_id, genero_id) VALUES (111, 3);
INSERT INTO cancion_genero (cancion_id, genero_id) VALUES (112, 4);
INSERT INTO cancion_genero (cancion_id, genero_id) VALUES (113, 1);
INSERT INTO cancion_genero (cancion_id, genero_id) VALUES (114, 3);
INSERT INTO cancion_genero (cancion_id, genero_id) VALUES (115, 2);
INSERT INTO cancion_genero (cancion_id, genero_id) VALUES (116, 4);
INSERT INTO cancion_genero (cancion_id, genero_id) VALUES (117, 3);
INSERT INTO cancion_genero (cancion_id, genero_id) VALUES (118, 1);
INSERT INTO cancion_genero (cancion_id, genero_id) VALUES (119, 2);
INSERT INTO cancion_genero (cancion_id, genero_id) VALUES (120, 3);
INSERT INTO cancion_genero (cancion_id, genero_id) VALUES (121, 1);
INSERT INTO cancion_genero (cancion_id, genero_id) VALUES (122, 2);
INSERT INTO cancion_genero (cancion_id, genero_id) VALUES (123, 5);
INSERT INTO cancion_genero (cancion_id, genero_id) VALUES (124, 3);
INSERT INTO cancion_genero (cancion_id, genero_id) VALUES (125, 2);
INSERT INTO cancion_genero (cancion_id, genero_id) VALUES (126, 5);
INSERT INTO cancion_genero (cancion_id, genero_id) VALUES (127, 4);
INSERT INTO cancion_genero (cancion_id, genero_id) VALUES (128, 5);
INSERT INTO cancion_genero (cancion_id, genero_id) VALUES (129, 5);
INSERT INTO cancion_genero (cancion_id, genero_id) VALUES (130, 4);
INSERT INTO cancion_genero (cancion_id, genero_id) VALUES (131, 2);
INSERT INTO cancion_genero (cancion_id, genero_id) VALUES (132, 4);
INSERT INTO cancion_genero (cancion_id, genero_id) VALUES (133, 3);
INSERT INTO cancion_genero (cancion_id, genero_id) VALUES (134, 1);
INSERT INTO cancion_genero (cancion_id, genero_id) VALUES (135, 3);
INSERT INTO cancion_genero (cancion_id, genero_id) VALUES (136, 3);
INSERT INTO cancion_genero (cancion_id, genero_id) VALUES (137, 1);
INSERT INTO cancion_genero (cancion_id, genero_id) VALUES (138, 4);
INSERT INTO cancion_genero (cancion_id, genero_id) VALUES (139, 2);
INSERT INTO cancion_genero (cancion_id, genero_id) VALUES (140, 3);
INSERT INTO cancion_genero (cancion_id, genero_id) VALUES (141, 3);
INSERT INTO cancion_genero (cancion_id, genero_id) VALUES (142, 3);
INSERT INTO cancion_genero (cancion_id, genero_id) VALUES (143, 5);
INSERT INTO cancion_genero (cancion_id, genero_id) VALUES (144, 4);
INSERT INTO cancion_genero (cancion_id, genero_id) VALUES (145, 3);
INSERT INTO cancion_genero (cancion_id, genero_id) VALUES (146, 3);
INSERT INTO cancion_genero (cancion_id, genero_id) VALUES (147, 5);
INSERT INTO cancion_genero (cancion_id, genero_id) VALUES (148, 2);
INSERT INTO cancion_genero (cancion_id, genero_id) VALUES (149, 5);
INSERT INTO cancion_genero (cancion_id, genero_id) VALUES (150, 3);
INSERT INTO cancion_genero (cancion_id, genero_id) VALUES (151, 4);
INSERT INTO cancion_genero (cancion_id, genero_id) VALUES (152, 3);
INSERT INTO cancion_genero (cancion_id, genero_id) VALUES (153, 5);
INSERT INTO cancion_genero (cancion_id, genero_id) VALUES (154, 3);
INSERT INTO cancion_genero (cancion_id, genero_id) VALUES (155, 1);
INSERT INTO cancion_genero (cancion_id, genero_id) VALUES (156, 2);
INSERT INTO cancion_genero (cancion_id, genero_id) VALUES (157, 3);
INSERT INTO cancion_genero (cancion_id, genero_id) VALUES (158, 3);
INSERT INTO cancion_genero (cancion_id, genero_id) VALUES (159, 5);
INSERT INTO cancion_genero (cancion_id, genero_id) VALUES (160, 1);
INSERT INTO cancion_genero (cancion_id, genero_id) VALUES (161, 3);
INSERT INTO cancion_genero (cancion_id, genero_id) VALUES (162, 3);
INSERT INTO cancion_genero (cancion_id, genero_id) VALUES (163, 3);
INSERT INTO cancion_genero (cancion_id, genero_id) VALUES (164, 4);
INSERT INTO cancion_genero (cancion_id, genero_id) VALUES (165, 5);
INSERT INTO cancion_genero (cancion_id, genero_id) VALUES (166, 5);
INSERT INTO cancion_genero (cancion_id, genero_id) VALUES (167, 5);
INSERT INTO cancion_genero (cancion_id, genero_id) VALUES (168, 1);
INSERT INTO cancion_genero (cancion_id, genero_id) VALUES (169, 1);
INSERT INTO cancion_genero (cancion_id, genero_id) VALUES (170, 4);
INSERT INTO cancion_genero (cancion_id, genero_id) VALUES (171, 5);
INSERT INTO cancion_genero (cancion_id, genero_id) VALUES (172, 4);
INSERT INTO cancion_genero (cancion_id, genero_id) VALUES (173, 4);
INSERT INTO cancion_genero (cancion_id, genero_id) VALUES (174, 2);
INSERT INTO cancion_genero (cancion_id, genero_id) VALUES (175, 4);
INSERT INTO cancion_genero (cancion_id, genero_id) VALUES (176, 2);
INSERT INTO cancion_genero (cancion_id, genero_id) VALUES (177, 3);
INSERT INTO cancion_genero (cancion_id, genero_id) VALUES (178, 3);
INSERT INTO cancion_genero (cancion_id, genero_id) VALUES (179, 5);
INSERT INTO cancion_genero (cancion_id, genero_id) VALUES (180, 4);
INSERT INTO cancion_genero (cancion_id, genero_id) VALUES (181, 2);
INSERT INTO cancion_genero (cancion_id, genero_id) VALUES (182, 5);
INSERT INTO cancion_genero (cancion_id, genero_id) VALUES (183, 4);
INSERT INTO cancion_genero (cancion_id, genero_id) VALUES (184, 4);
INSERT INTO cancion_genero (cancion_id, genero_id) VALUES (185, 5);
INSERT INTO cancion_genero (cancion_id, genero_id) VALUES (186, 4);
INSERT INTO cancion_genero (cancion_id, genero_id) VALUES (187, 2);
INSERT INTO cancion_genero (cancion_id, genero_id) VALUES (188, 4);
INSERT INTO cancion_genero (cancion_id, genero_id) VALUES (189, 3);
INSERT INTO cancion_genero (cancion_id, genero_id) VALUES (190, 4);
INSERT INTO cancion_genero (cancion_id, genero_id) VALUES (191, 3);
INSERT INTO cancion_genero (cancion_id, genero_id) VALUES (192, 4);
INSERT INTO cancion_genero (cancion_id, genero_id) VALUES (193, 3);
INSERT INTO cancion_genero (cancion_id, genero_id) VALUES (194, 2);
INSERT INTO cancion_genero (cancion_id, genero_id) VALUES (195, 2);
INSERT INTO cancion_genero (cancion_id, genero_id) VALUES (196, 2);
INSERT INTO cancion_genero (cancion_id, genero_id) VALUES (197, 4);
INSERT INTO cancion_genero (cancion_id, genero_id) VALUES (198, 3);
INSERT INTO cancion_genero (cancion_id, genero_id) VALUES (199, 3);
INSERT INTO cancion_genero (cancion_id, genero_id) VALUES (200, 1);
INSERT INTO cancion_genero (cancion_id, genero_id) VALUES (201, 2);
INSERT INTO cancion_genero (cancion_id, genero_id) VALUES (202, 3);
INSERT INTO cancion_genero (cancion_id, genero_id) VALUES (203, 5);
INSERT INTO cancion_genero (cancion_id, genero_id) VALUES (204, 3);
INSERT INTO cancion_genero (cancion_id, genero_id) VALUES (205, 5);
INSERT INTO cancion_genero (cancion_id, genero_id) VALUES (206, 5);
INSERT INTO cancion_genero (cancion_id, genero_id) VALUES (207, 4);
INSERT INTO cancion_genero (cancion_id, genero_id) VALUES (208, 5);
INSERT INTO cancion_genero (cancion_id, genero_id) VALUES (209, 3);
INSERT INTO cancion_genero (cancion_id, genero_id) VALUES (210, 3);
INSERT INTO cancion_genero (cancion_id, genero_id) VALUES (211, 3);
INSERT INTO cancion_genero (cancion_id, genero_id) VALUES (212, 2);
INSERT INTO cancion_genero (cancion_id, genero_id) VALUES (213, 4);
INSERT INTO cancion_genero (cancion_id, genero_id) VALUES (214, 5);
INSERT INTO cancion_genero (cancion_id, genero_id) VALUES (215, 5);
INSERT INTO cancion_genero (cancion_id, genero_id) VALUES (216, 2);
INSERT INTO cancion_genero (cancion_id, genero_id) VALUES (217, 2);
INSERT INTO cancion_genero (cancion_id, genero_id) VALUES (218, 5);
INSERT INTO cancion_genero (cancion_id, genero_id) VALUES (219, 5);
INSERT INTO cancion_genero (cancion_id, genero_id) VALUES (220, 5);
INSERT INTO cancion_genero (cancion_id, genero_id) VALUES (221, 1);
INSERT INTO cancion_genero (cancion_id, genero_id) VALUES (222, 5);
INSERT INTO cancion_genero (cancion_id, genero_id) VALUES (223, 3);
INSERT INTO cancion_genero (cancion_id, genero_id) VALUES (224, 5);
INSERT INTO cancion_genero (cancion_id, genero_id) VALUES (225, 2);
INSERT INTO cancion_genero (cancion_id, genero_id) VALUES (226, 5);
INSERT INTO cancion_genero (cancion_id, genero_id) VALUES (227, 5);
INSERT INTO cancion_genero (cancion_id, genero_id) VALUES (228, 3);
INSERT INTO cancion_genero (cancion_id, genero_id) VALUES (229, 4);
INSERT INTO cancion_genero (cancion_id, genero_id) VALUES (230, 4);
INSERT INTO cancion_genero (cancion_id, genero_id) VALUES (231, 3);
INSERT INTO cancion_genero (cancion_id, genero_id) VALUES (232, 1);
INSERT INTO cancion_genero (cancion_id, genero_id) VALUES (233, 2);
INSERT INTO cancion_genero (cancion_id, genero_id) VALUES (234, 1);
INSERT INTO cancion_genero (cancion_id, genero_id) VALUES (235, 4);
INSERT INTO cancion_genero (cancion_id, genero_id) VALUES (236, 4);
INSERT INTO cancion_genero (cancion_id, genero_id) VALUES (237, 2);
INSERT INTO cancion_genero (cancion_id, genero_id) VALUES (238, 3);
INSERT INTO cancion_genero (cancion_id, genero_id) VALUES (239, 1);
INSERT INTO cancion_genero (cancion_id, genero_id) VALUES (240, 2);
INSERT INTO cancion_genero (cancion_id, genero_id) VALUES (241, 2);
INSERT INTO cancion_genero (cancion_id, genero_id) VALUES (242, 5);
INSERT INTO cancion_genero (cancion_id, genero_id) VALUES (243, 5);
INSERT INTO cancion_genero (cancion_id, genero_id) VALUES (244, 5);
INSERT INTO cancion_genero (cancion_id, genero_id) VALUES (245, 3);
INSERT INTO cancion_genero (cancion_id, genero_id) VALUES (246, 1);
INSERT INTO cancion_genero (cancion_id, genero_id) VALUES (247, 5);
INSERT INTO cancion_genero (cancion_id, genero_id) VALUES (248, 2);
INSERT INTO cancion_genero (cancion_id, genero_id) VALUES (249, 4);
INSERT INTO cancion_genero (cancion_id, genero_id) VALUES (250, 4);
INSERT INTO cancion_genero (cancion_id, genero_id) VALUES (251, 5);
INSERT INTO cancion_genero (cancion_id, genero_id) VALUES (252, 5);
INSERT INTO cancion_genero (cancion_id, genero_id) VALUES (253, 1);
INSERT INTO cancion_genero (cancion_id, genero_id) VALUES (254, 1);
INSERT INTO cancion_genero (cancion_id, genero_id) VALUES (255, 5);
INSERT INTO cancion_genero (cancion_id, genero_id) VALUES (256, 5);
INSERT INTO cancion_genero (cancion_id, genero_id) VALUES (257, 5);
INSERT INTO cancion_genero (cancion_id, genero_id) VALUES (258, 5);
INSERT INTO cancion_genero (cancion_id, genero_id) VALUES (259, 4);
INSERT INTO cancion_genero (cancion_id, genero_id) VALUES (260, 3);
INSERT INTO cancion_genero (cancion_id, genero_id) VALUES (261, 1);
INSERT INTO cancion_genero (cancion_id, genero_id) VALUES (262, 4);
INSERT INTO cancion_genero (cancion_id, genero_id) VALUES (263, 4);
INSERT INTO cancion_genero (cancion_id, genero_id) VALUES (264, 5);
INSERT INTO cancion_genero (cancion_id, genero_id) VALUES (265, 3);
INSERT INTO cancion_genero (cancion_id, genero_id) VALUES (266, 1);
INSERT INTO cancion_genero (cancion_id, genero_id) VALUES (267, 2);
INSERT INTO cancion_genero (cancion_id, genero_id) VALUES (268, 3);
INSERT INTO cancion_genero (cancion_id, genero_id) VALUES (269, 1);
INSERT INTO cancion_genero (cancion_id, genero_id) VALUES (270, 1);
INSERT INTO cancion_genero (cancion_id, genero_id) VALUES (271, 4);
INSERT INTO cancion_genero (cancion_id, genero_id) VALUES (272, 5);
INSERT INTO cancion_genero (cancion_id, genero_id) VALUES (273, 3);
INSERT INTO cancion_genero (cancion_id, genero_id) VALUES (274, 1);
INSERT INTO cancion_genero (cancion_id, genero_id) VALUES (275, 5);
INSERT INTO cancion_genero (cancion_id, genero_id) VALUES (276, 4);
INSERT INTO cancion_genero (cancion_id, genero_id) VALUES (277, 3);
INSERT INTO cancion_genero (cancion_id, genero_id) VALUES (278, 1);
INSERT INTO cancion_genero (cancion_id, genero_id) VALUES (279, 3);
INSERT INTO cancion_genero (cancion_id, genero_id) VALUES (280, 4);
INSERT INTO cancion_genero (cancion_id, genero_id) VALUES (281, 4);
INSERT INTO cancion_genero (cancion_id, genero_id) VALUES (282, 1);
INSERT INTO cancion_genero (cancion_id, genero_id) VALUES (283, 4);
INSERT INTO cancion_genero (cancion_id, genero_id) VALUES (284, 5);
INSERT INTO cancion_genero (cancion_id, genero_id) VALUES (285, 1);
INSERT INTO cancion_genero (cancion_id, genero_id) VALUES (286, 5);
INSERT INTO cancion_genero (cancion_id, genero_id) VALUES (287, 1);
INSERT INTO cancion_genero (cancion_id, genero_id) VALUES (288, 2);
INSERT INTO cancion_genero (cancion_id, genero_id) VALUES (289, 4);
INSERT INTO cancion_genero (cancion_id, genero_id) VALUES (290, 1);
INSERT INTO cancion_genero (cancion_id, genero_id) VALUES (291, 5);
INSERT INTO cancion_genero (cancion_id, genero_id) VALUES (292, 1);
INSERT INTO cancion_genero (cancion_id, genero_id) VALUES (293, 5);
INSERT INTO cancion_genero (cancion_id, genero_id) VALUES (294, 4);
INSERT INTO cancion_genero (cancion_id, genero_id) VALUES (295, 4);
INSERT INTO cancion_genero (cancion_id, genero_id) VALUES (296, 1);
INSERT INTO cancion_genero (cancion_id, genero_id) VALUES (297, 1);
INSERT INTO cancion_genero (cancion_id, genero_id) VALUES (298, 4);
INSERT INTO cancion_genero (cancion_id, genero_id) VALUES (299, 4);
INSERT INTO cancion_genero (cancion_id, genero_id) VALUES (300, 4);
INSERT INTO cancion_genero (cancion_id, genero_id) VALUES (301, 1);
INSERT INTO cancion_genero (cancion_id, genero_id) VALUES (302, 3);
INSERT INTO cancion_genero (cancion_id, genero_id) VALUES (303, 2);
INSERT INTO cancion_genero (cancion_id, genero_id) VALUES (304, 3);
INSERT INTO cancion_genero (cancion_id, genero_id) VALUES (305, 4);
INSERT INTO cancion_genero (cancion_id, genero_id) VALUES (306, 2);
INSERT INTO cancion_genero (cancion_id, genero_id) VALUES (307, 1);
INSERT INTO cancion_genero (cancion_id, genero_id) VALUES (308, 3);
INSERT INTO cancion_genero (cancion_id, genero_id) VALUES (309, 2);
INSERT INTO cancion_genero (cancion_id, genero_id) VALUES (310, 3);
INSERT INTO cancion_genero (cancion_id, genero_id) VALUES (311, 3);
INSERT INTO cancion_genero (cancion_id, genero_id) VALUES (312, 4);
INSERT INTO cancion_genero (cancion_id, genero_id) VALUES (313, 1);
INSERT INTO cancion_genero (cancion_id, genero_id) VALUES (314, 5);
INSERT INTO cancion_genero (cancion_id, genero_id) VALUES (315, 1);
INSERT INTO cancion_genero (cancion_id, genero_id) VALUES (316, 3);
INSERT INTO cancion_genero (cancion_id, genero_id) VALUES (317, 2);
INSERT INTO cancion_genero (cancion_id, genero_id) VALUES (318, 2);
INSERT INTO cancion_genero (cancion_id, genero_id) VALUES (319, 4);
INSERT INTO cancion_genero (cancion_id, genero_id) VALUES (320, 4);
INSERT INTO cancion_genero (cancion_id, genero_id) VALUES (321, 5);
INSERT INTO cancion_genero (cancion_id, genero_id) VALUES (322, 3);
INSERT INTO cancion_genero (cancion_id, genero_id) VALUES (323, 4);
INSERT INTO cancion_genero (cancion_id, genero_id) VALUES (324, 3);
INSERT INTO cancion_genero (cancion_id, genero_id) VALUES (325, 1);
INSERT INTO cancion_genero (cancion_id, genero_id) VALUES (326, 4);
INSERT INTO cancion_genero (cancion_id, genero_id) VALUES (327, 3);
INSERT INTO cancion_genero (cancion_id, genero_id) VALUES (328, 4);
INSERT INTO cancion_genero (cancion_id, genero_id) VALUES (329, 5);
INSERT INTO cancion_genero (cancion_id, genero_id) VALUES (330, 2);
INSERT INTO cancion_genero (cancion_id, genero_id) VALUES (331, 4);
INSERT INTO cancion_genero (cancion_id, genero_id) VALUES (332, 3);
INSERT INTO cancion_genero (cancion_id, genero_id) VALUES (333, 4);
INSERT INTO cancion_genero (cancion_id, genero_id) VALUES (334, 2);
INSERT INTO cancion_genero (cancion_id, genero_id) VALUES (335, 1);
INSERT INTO cancion_genero (cancion_id, genero_id) VALUES (336, 3);
INSERT INTO cancion_genero (cancion_id, genero_id) VALUES (337, 2);
INSERT INTO cancion_genero (cancion_id, genero_id) VALUES (338, 5);
INSERT INTO cancion_genero (cancion_id, genero_id) VALUES (339, 5);
INSERT INTO cancion_genero (cancion_id, genero_id) VALUES (340, 2);
INSERT INTO cancion_genero (cancion_id, genero_id) VALUES (341, 2);
INSERT INTO cancion_genero (cancion_id, genero_id) VALUES (342, 5);
INSERT INTO cancion_genero (cancion_id, genero_id) VALUES (343, 1);
INSERT INTO cancion_genero (cancion_id, genero_id) VALUES (344, 2);
INSERT INTO cancion_genero (cancion_id, genero_id) VALUES (345, 2);
INSERT INTO cancion_genero (cancion_id, genero_id) VALUES (346, 3);
INSERT INTO cancion_genero (cancion_id, genero_id) VALUES (347, 1);
INSERT INTO cancion_genero (cancion_id, genero_id) VALUES (348, 4);
INSERT INTO cancion_genero (cancion_id, genero_id) VALUES (349, 5);
INSERT INTO cancion_genero (cancion_id, genero_id) VALUES (350, 4);
INSERT INTO cancion_genero (cancion_id, genero_id) VALUES (351, 1);
INSERT INTO cancion_genero (cancion_id, genero_id) VALUES (352, 4);
INSERT INTO cancion_genero (cancion_id, genero_id) VALUES (353, 4);
INSERT INTO cancion_genero (cancion_id, genero_id) VALUES (354, 2);
INSERT INTO cancion_genero (cancion_id, genero_id) VALUES (355, 4);
INSERT INTO cancion_genero (cancion_id, genero_id) VALUES (356, 3);
INSERT INTO cancion_genero (cancion_id, genero_id) VALUES (357, 5);
INSERT INTO cancion_genero (cancion_id, genero_id) VALUES (358, 3);
INSERT INTO cancion_genero (cancion_id, genero_id) VALUES (359, 3);
INSERT INTO cancion_genero (cancion_id, genero_id) VALUES (360, 3);
INSERT INTO cancion_genero (cancion_id, genero_id) VALUES (361, 2);
INSERT INTO cancion_genero (cancion_id, genero_id) VALUES (362, 1);
INSERT INTO cancion_genero (cancion_id, genero_id) VALUES (363, 1);
INSERT INTO cancion_genero (cancion_id, genero_id) VALUES (364, 2);
INSERT INTO cancion_genero (cancion_id, genero_id) VALUES (365, 1);
INSERT INTO cancion_genero (cancion_id, genero_id) VALUES (366, 5);
INSERT INTO cancion_genero (cancion_id, genero_id) VALUES (367, 3);
INSERT INTO cancion_genero (cancion_id, genero_id) VALUES (368, 3);
INSERT INTO cancion_genero (cancion_id, genero_id) VALUES (369, 1);
INSERT INTO cancion_genero (cancion_id, genero_id) VALUES (370, 5);
INSERT INTO cancion_genero (cancion_id, genero_id) VALUES (371, 3);
INSERT INTO cancion_genero (cancion_id, genero_id) VALUES (372, 3);
INSERT INTO cancion_genero (cancion_id, genero_id) VALUES (373, 2);
INSERT INTO cancion_genero (cancion_id, genero_id) VALUES (374, 1);
INSERT INTO cancion_genero (cancion_id, genero_id) VALUES (375, 1);
INSERT INTO cancion_genero (cancion_id, genero_id) VALUES (376, 2);
INSERT INTO cancion_genero (cancion_id, genero_id) VALUES (377, 5);
INSERT INTO cancion_genero (cancion_id, genero_id) VALUES (378, 5);
INSERT INTO cancion_genero (cancion_id, genero_id) VALUES (379, 3);
INSERT INTO cancion_genero (cancion_id, genero_id) VALUES (380, 4);
INSERT INTO cancion_genero (cancion_id, genero_id) VALUES (381, 3);
INSERT INTO cancion_genero (cancion_id, genero_id) VALUES (382, 1);
INSERT INTO cancion_genero (cancion_id, genero_id) VALUES (383, 2);
INSERT INTO cancion_genero (cancion_id, genero_id) VALUES (384, 5);
INSERT INTO cancion_genero (cancion_id, genero_id) VALUES (385, 1);
INSERT INTO cancion_genero (cancion_id, genero_id) VALUES (386, 3);
INSERT INTO cancion_genero (cancion_id, genero_id) VALUES (387, 2);
INSERT INTO cancion_genero (cancion_id, genero_id) VALUES (388, 1);
INSERT INTO cancion_genero (cancion_id, genero_id) VALUES (389, 1);
INSERT INTO cancion_genero (cancion_id, genero_id) VALUES (390, 2);
INSERT INTO cancion_genero (cancion_id, genero_id) VALUES (391, 4);
INSERT INTO cancion_genero (cancion_id, genero_id) VALUES (392, 5);
INSERT INTO cancion_genero (cancion_id, genero_id) VALUES (393, 2);
INSERT INTO cancion_genero (cancion_id, genero_id) VALUES (394, 1);
INSERT INTO cancion_genero (cancion_id, genero_id) VALUES (395, 5);
INSERT INTO cancion_genero (cancion_id, genero_id) VALUES (396, 5);
INSERT INTO cancion_genero (cancion_id, genero_id) VALUES (397, 4);
INSERT INTO cancion_genero (cancion_id, genero_id) VALUES (398, 2);
INSERT INTO cancion_genero (cancion_id, genero_id) VALUES (399, 4);
INSERT INTO cancion_genero (cancion_id, genero_id) VALUES (400, 4);
INSERT INTO cancion_genero (cancion_id, genero_id) VALUES (401, 1);
INSERT INTO cancion_genero (cancion_id, genero_id) VALUES (402, 4);
INSERT INTO cancion_genero (cancion_id, genero_id) VALUES (403, 3);
INSERT INTO cancion_genero (cancion_id, genero_id) VALUES (404, 1);
INSERT INTO cancion_genero (cancion_id, genero_id) VALUES (405, 2);
INSERT INTO cancion_genero (cancion_id, genero_id) VALUES (406, 5);
INSERT INTO cancion_genero (cancion_id, genero_id) VALUES (407, 1);
INSERT INTO cancion_genero (cancion_id, genero_id) VALUES (408, 1);
INSERT INTO cancion_genero (cancion_id, genero_id) VALUES (409, 4);
INSERT INTO cancion_genero (cancion_id, genero_id) VALUES (410, 3);
INSERT INTO cancion_genero (cancion_id, genero_id) VALUES (411, 4);
INSERT INTO cancion_genero (cancion_id, genero_id) VALUES (412, 1);
INSERT INTO cancion_genero (cancion_id, genero_id) VALUES (413, 2);
INSERT INTO cancion_genero (cancion_id, genero_id) VALUES (414, 3);
INSERT INTO cancion_genero (cancion_id, genero_id) VALUES (415, 5);
INSERT INTO cancion_genero (cancion_id, genero_id) VALUES (416, 1);
INSERT INTO cancion_genero (cancion_id, genero_id) VALUES (417, 4);
INSERT INTO cancion_genero (cancion_id, genero_id) VALUES (418, 2);
INSERT INTO cancion_genero (cancion_id, genero_id) VALUES (419, 5);
INSERT INTO cancion_genero (cancion_id, genero_id) VALUES (420, 2);
INSERT INTO cancion_genero (cancion_id, genero_id) VALUES (421, 5);
INSERT INTO cancion_genero (cancion_id, genero_id) VALUES (422, 4);
INSERT INTO cancion_genero (cancion_id, genero_id) VALUES (423, 2);
INSERT INTO cancion_genero (cancion_id, genero_id) VALUES (424, 2);
INSERT INTO cancion_genero (cancion_id, genero_id) VALUES (425, 5);
INSERT INTO cancion_genero (cancion_id, genero_id) VALUES (426, 1);
INSERT INTO cancion_genero (cancion_id, genero_id) VALUES (427, 4);
INSERT INTO cancion_genero (cancion_id, genero_id) VALUES (428, 2);
INSERT INTO cancion_genero (cancion_id, genero_id) VALUES (429, 4);
INSERT INTO cancion_genero (cancion_id, genero_id) VALUES (430, 1);
INSERT INTO cancion_genero (cancion_id, genero_id) VALUES (431, 1);
INSERT INTO cancion_genero (cancion_id, genero_id) VALUES (432, 5);
INSERT INTO cancion_genero (cancion_id, genero_id) VALUES (433, 4);
INSERT INTO cancion_genero (cancion_id, genero_id) VALUES (434, 1);
INSERT INTO cancion_genero (cancion_id, genero_id) VALUES (435, 5);
INSERT INTO cancion_genero (cancion_id, genero_id) VALUES (436, 5);
INSERT INTO cancion_genero (cancion_id, genero_id) VALUES (437, 1);
INSERT INTO cancion_genero (cancion_id, genero_id) VALUES (438, 2);
INSERT INTO cancion_genero (cancion_id, genero_id) VALUES (439, 4);
INSERT INTO cancion_genero (cancion_id, genero_id) VALUES (440, 4);
INSERT INTO cancion_genero (cancion_id, genero_id) VALUES (441, 4);
INSERT INTO cancion_genero (cancion_id, genero_id) VALUES (442, 5);
INSERT INTO cancion_genero (cancion_id, genero_id) VALUES (443, 5);
INSERT INTO cancion_genero (cancion_id, genero_id) VALUES (444, 2);
INSERT INTO cancion_genero (cancion_id, genero_id) VALUES (445, 1);
INSERT INTO cancion_genero (cancion_id, genero_id) VALUES (446, 1);
INSERT INTO cancion_genero (cancion_id, genero_id) VALUES (447, 5);
INSERT INTO cancion_genero (cancion_id, genero_id) VALUES (448, 1);
INSERT INTO cancion_genero (cancion_id, genero_id) VALUES (449, 4);
INSERT INTO cancion_genero (cancion_id, genero_id) VALUES (450, 3);
INSERT INTO cancion_genero (cancion_id, genero_id) VALUES (451, 4);
INSERT INTO cancion_genero (cancion_id, genero_id) VALUES (452, 1);
INSERT INTO cancion_genero (cancion_id, genero_id) VALUES (453, 3);
INSERT INTO cancion_genero (cancion_id, genero_id) VALUES (454, 3);
INSERT INTO cancion_genero (cancion_id, genero_id) VALUES (455, 3);
INSERT INTO cancion_genero (cancion_id, genero_id) VALUES (456, 1);
INSERT INTO cancion_genero (cancion_id, genero_id) VALUES (457, 1);
INSERT INTO cancion_genero (cancion_id, genero_id) VALUES (458, 5);
INSERT INTO cancion_genero (cancion_id, genero_id) VALUES (459, 1);
INSERT INTO cancion_genero (cancion_id, genero_id) VALUES (460, 1);
INSERT INTO cancion_genero (cancion_id, genero_id) VALUES (461, 4);
INSERT INTO cancion_genero (cancion_id, genero_id) VALUES (462, 2);
INSERT INTO cancion_genero (cancion_id, genero_id) VALUES (463, 2);
INSERT INTO cancion_genero (cancion_id, genero_id) VALUES (464, 4);
INSERT INTO cancion_genero (cancion_id, genero_id) VALUES (465, 4);
INSERT INTO cancion_genero (cancion_id, genero_id) VALUES (466, 4);
INSERT INTO cancion_genero (cancion_id, genero_id) VALUES (467, 3);
INSERT INTO cancion_genero (cancion_id, genero_id) VALUES (468, 2);
INSERT INTO cancion_genero (cancion_id, genero_id) VALUES (469, 1);
INSERT INTO cancion_genero (cancion_id, genero_id) VALUES (470, 3);
INSERT INTO cancion_genero (cancion_id, genero_id) VALUES (471, 1);
INSERT INTO cancion_genero (cancion_id, genero_id) VALUES (472, 2);
INSERT INTO cancion_genero (cancion_id, genero_id) VALUES (473, 2);
INSERT INTO cancion_genero (cancion_id, genero_id) VALUES (474, 1);
INSERT INTO cancion_genero (cancion_id, genero_id) VALUES (475, 1);
INSERT INTO cancion_genero (cancion_id, genero_id) VALUES (476, 4);
INSERT INTO cancion_genero (cancion_id, genero_id) VALUES (477, 5);
INSERT INTO cancion_genero (cancion_id, genero_id) VALUES (478, 3);
INSERT INTO cancion_genero (cancion_id, genero_id) VALUES (479, 5);
INSERT INTO cancion_genero (cancion_id, genero_id) VALUES (480, 2);
INSERT INTO cancion_genero (cancion_id, genero_id) VALUES (481, 5);
INSERT INTO cancion_genero (cancion_id, genero_id) VALUES (482, 3);
INSERT INTO cancion_genero (cancion_id, genero_id) VALUES (483, 4);
INSERT INTO cancion_genero (cancion_id, genero_id) VALUES (484, 1);
INSERT INTO cancion_genero (cancion_id, genero_id) VALUES (485, 3);
INSERT INTO cancion_genero (cancion_id, genero_id) VALUES (486, 4);
INSERT INTO cancion_genero (cancion_id, genero_id) VALUES (487, 2);
INSERT INTO cancion_genero (cancion_id, genero_id) VALUES (488, 2);
INSERT INTO cancion_genero (cancion_id, genero_id) VALUES (489, 3);
INSERT INTO cancion_genero (cancion_id, genero_id) VALUES (490, 2);
INSERT INTO cancion_genero (cancion_id, genero_id) VALUES (491, 2);
INSERT INTO cancion_genero (cancion_id, genero_id) VALUES (492, 4);
INSERT INTO cancion_genero (cancion_id, genero_id) VALUES (493, 5);
INSERT INTO cancion_genero (cancion_id, genero_id) VALUES (494, 4);
INSERT INTO cancion_genero (cancion_id, genero_id) VALUES (495, 3);
INSERT INTO cancion_genero (cancion_id, genero_id) VALUES (496, 4);
INSERT INTO cancion_genero (cancion_id, genero_id) VALUES (497, 5);
INSERT INTO cancion_genero (cancion_id, genero_id) VALUES (498, 4);
INSERT INTO cancion_genero (cancion_id, genero_id) VALUES (499, 3);
INSERT INTO cancion_genero (cancion_id, genero_id) VALUES (500, 2);
INSERT INTO playlist_cancion (playlist_id, cancion_id) VALUES (1, 1);
INSERT INTO playlist_cancion (playlist_id, cancion_id) VALUES (2, 2);
INSERT INTO playlist_cancion (playlist_id, cancion_id) VALUES (3, 3);
INSERT INTO playlist_cancion (playlist_id, cancion_id) VALUES (4, 4);
INSERT INTO playlist_cancion (playlist_id, cancion_id) VALUES (5, 5);
INSERT INTO grabacion (id, artista_id, estudio_id, fecha) VALUES (1, 1, 1, '2024-02-01');
INSERT INTO grabacion (id, artista_id, estudio_id, fecha) VALUES (2, 2, 2, '2025-02-08');
INSERT INTO grabacion (id, artista_id, estudio_id, fecha) VALUES (3, 3, 3, '2020-10-27');
INSERT INTO grabacion (id, artista_id, estudio_id, fecha) VALUES (4, 4, 4, '2024-01-04');
INSERT INTO grabacion (id, artista_id, estudio_id, fecha) VALUES (5, 5, 5, '2024-03-06');
INSERT INTO instrumento_grabacion (grabacion_id, instrumento_id) VALUES (1, 1);
INSERT INTO instrumento_grabacion (grabacion_id, instrumento_id) VALUES (2, 2);
INSERT INTO instrumento_grabacion (grabacion_id, instrumento_id) VALUES (3, 3);
INSERT INTO instrumento_grabacion (grabacion_id, instrumento_id) VALUES (4, 4);
INSERT INTO instrumento_grabacion (grabacion_id, instrumento_id) VALUES (5, 5);
INSERT INTO archivo_multimedia (id, cancion_id, tipo, formato, url) VALUES (None, 1, 'audio', 'mp3', 'http://ejemplo.com/0');
INSERT INTO archivo_multimedia (id, cancion_id, tipo, formato, url) VALUES (None, 2, 'audio', 'mp3', 'http://ejemplo.com/1');
INSERT INTO archivo_multimedia (id, cancion_id, tipo, formato, url) VALUES (None, 3, 'audio', 'mp3', 'http://ejemplo.com/2');
INSERT INTO archivo_multimedia (id, cancion_id, tipo, formato, url) VALUES (None, 4, 'audio', 'mp3', 'http://ejemplo.com/3');
INSERT INTO archivo_multimedia (id, cancion_id, tipo, formato, url) VALUES (None, 5, 'audio', 'mp3', 'http://ejemplo.com/4');
INSERT INTO historial_cambios (id, cancion_id, fecha, estado) VALUES (None, 1, '2024-04-16', 'mezcla');
INSERT INTO historial_cambios (id, cancion_id, fecha, estado) VALUES (None, 2, '2024-01-21', 'mezcla');
INSERT INTO historial_cambios (id, cancion_id, fecha, estado) VALUES (None, 3, '2022-10-26', 'mezcla');
INSERT INTO historial_cambios (id, cancion_id, fecha, estado) VALUES (None, 4, '2020-06-02', 'mezcla');
INSERT INTO historial_cambios (id, cancion_id, fecha, estado) VALUES (None, 5, '2025-02-02', 'mezcla');
INSERT INTO comentario (id, usuario_id, cancion_id, contenido, fecha) VALUES (None, 1, 1, 'Comentario', '2023-03-25');
INSERT INTO comentario (id, usuario_id, cancion_id, contenido, fecha) VALUES (None, 2, 2, 'Comentario', '2021-08-21');
INSERT INTO comentario (id, usuario_id, cancion_id, contenido, fecha) VALUES (None, 3, 3, 'Comentario', '2021-03-22');
INSERT INTO comentario (id, usuario_id, cancion_id, contenido, fecha) VALUES (None, 4, 4, 'Comentario', '2023-03-23');
INSERT INTO comentario (id, usuario_id, cancion_id, contenido, fecha) VALUES (None, 5, 5, 'Comentario', '2020-03-07');
-- INSERT INTO resena
INSERT INTO resena (id, usuario_id, album_id, puntaje, texto) VALUES (None, 1, 16, 5, 'Excelente');
INSERT INTO resena (id, usuario_id, album_id, puntaje, texto) VALUES (None, 1, 15, 5, 'Excelente');
INSERT INTO resena (id, usuario_id, album_id, puntaje, texto) VALUES (None, 1, 31, 1, 'Horrible');
INSERT INTO resena (id, usuario_id, album_id, puntaje, texto) VALUES (None, 1, 46, 1, 'Horrible');
INSERT INTO resena (id, usuario_id, album_id, puntaje, texto) VALUES (None, 1, 45, 2, 'Malo');
INSERT INTO resena (id, usuario_id, album_id, puntaje, texto) VALUES (None, 1, 48, 1, 'Horrible');
INSERT INTO resena (id, usuario_id, album_id, puntaje, texto) VALUES (None, 1, 38, 1, 'Horrible');
INSERT INTO resena (id, usuario_id, album_id, puntaje, texto) VALUES (None, 1, 14, 2, 'Malo');
INSERT INTO resena (id, usuario_id, album_id, puntaje, texto) VALUES (None, 1, 11, 5, 'Excelente');
INSERT INTO resena (id, usuario_id, album_id, puntaje, texto) VALUES (None, 1, 1, 4, 'Bueno');
INSERT INTO resena (id, usuario_id, album_id, puntaje, texto) VALUES (None, 1, 2, 2, 'Malo');
INSERT INTO resena (id, usuario_id, album_id, puntaje, texto) VALUES (None, 1, 13, 1, 'Horrible');
INSERT INTO resena (id, usuario_id, album_id, puntaje, texto) VALUES (None, 1, 22, 4, 'Bueno');
INSERT INTO resena (id, usuario_id, album_id, puntaje, texto) VALUES (None, 1, 21, 5, 'Excelente');
INSERT INTO resena (id, usuario_id, album_id, puntaje, texto) VALUES (None, 1, 8, 4, 'Bueno');
INSERT INTO resena (id, usuario_id, album_id, puntaje, texto) VALUES (None, 1, 19, 3, 'Normal');
INSERT INTO resena (id, usuario_id, album_id, puntaje, texto) VALUES (None, 1, 29, 3, 'Normal');
INSERT INTO resena (id, usuario_id, album_id, puntaje, texto) VALUES (None, 1, 20, 2, 'Malo');
INSERT INTO resena (id, usuario_id, album_id, puntaje, texto) VALUES (None, 1, 33, 3, 'Normal');
INSERT INTO resena (id, usuario_id, album_id, puntaje, texto) VALUES (None, 1, 9, 1, 'Horrible');
INSERT INTO resena (id, usuario_id, album_id, puntaje, texto) VALUES (None, 1, 30, 4, 'Bueno');
INSERT INTO resena (id, usuario_id, album_id, puntaje, texto) VALUES (None, 1, 42, 1, 'Horrible');
INSERT INTO resena (id, usuario_id, album_id, puntaje, texto) VALUES (None, 1, 3, 5, 'Excelente');
INSERT INTO resena (id, usuario_id, album_id, puntaje, texto) VALUES (None, 1, 6, 3, 'Normal');
INSERT INTO resena (id, usuario_id, album_id, puntaje, texto) VALUES (None, 1, 39, 1, 'Horrible');
INSERT INTO resena (id, usuario_id, album_id, puntaje, texto) VALUES (None, 1, 35, 5, 'Excelente');
INSERT INTO resena (id, usuario_id, album_id, puntaje, texto) VALUES (None, 1, 28, 3, 'Normal');
INSERT INTO resena (id, usuario_id, album_id, puntaje, texto) VALUES (None, 1, 26, 3, 'Normal');
INSERT INTO resena (id, usuario_id, album_id, puntaje, texto) VALUES (None, 1, 25, 2, 'Malo');
INSERT INTO resena (id, usuario_id, album_id, puntaje, texto) VALUES (None, 1, 37, 5, 'Excelente');
INSERT INTO resena (id, usuario_id, album_id, puntaje, texto) VALUES (None, 1, 5, 3, 'Normal');
INSERT INTO resena (id, usuario_id, album_id, puntaje, texto) VALUES (None, 1, 23, 2, 'Malo');
INSERT INTO resena (id, usuario_id, album_id, puntaje, texto) VALUES (None, 1, 44, 3, 'Normal');
INSERT INTO resena (id, usuario_id, album_id, puntaje, texto) VALUES (None, 1, 4, 2, 'Malo');
INSERT INTO resena (id, usuario_id, album_id, puntaje, texto) VALUES (None, 1, 49, 3, 'Normal');
INSERT INTO resena (id, usuario_id, album_id, puntaje, texto) VALUES (None, 1, 47, 1, 'Horrible');
INSERT INTO resena (id, usuario_id, album_id, puntaje, texto) VALUES (None, 1, 34, 4, 'Bueno');
INSERT INTO resena (id, usuario_id, album_id, puntaje, texto) VALUES (None, 1, 36, 3, 'Normal');
INSERT INTO resena (id, usuario_id, album_id, puntaje, texto) VALUES (None, 1, 10, 3, 'Normal');
INSERT INTO resena (id, usuario_id, album_id, puntaje, texto) VALUES (None, 1, 50, 5, 'Excelente');
INSERT INTO resena (id, usuario_id, album_id, puntaje, texto) VALUES (None, 2, 46, 3, 'Normal');
INSERT INTO resena (id, usuario_id, album_id, puntaje, texto) VALUES (None, 2, 33, 3, 'Normal');
INSERT INTO resena (id, usuario_id, album_id, puntaje, texto) VALUES (None, 2, 45, 3, 'Normal');
INSERT INTO resena (id, usuario_id, album_id, puntaje, texto) VALUES (None, 2, 39, 2, 'Malo');
INSERT INTO resena (id, usuario_id, album_id, puntaje, texto) VALUES (None, 2, 23, 4, 'Bueno');
INSERT INTO resena (id, usuario_id, album_id, puntaje, texto) VALUES (None, 2, 38, 3, 'Normal');
INSERT INTO resena (id, usuario_id, album_id, puntaje, texto) VALUES (None, 2, 30, 1, 'Horrible');
INSERT INTO resena (id, usuario_id, album_id, puntaje, texto) VALUES (None, 2, 6, 3, 'Normal');
INSERT INTO resena (id, usuario_id, album_id, puntaje, texto) VALUES (None, 2, 41, 4, 'Bueno');
INSERT INTO resena (id, usuario_id, album_id, puntaje, texto) VALUES (None, 2, 50, 1, 'Horrible');
INSERT INTO resena (id, usuario_id, album_id, puntaje, texto) VALUES (None, 2, 19, 5, 'Excelente');
INSERT INTO resena (id, usuario_id, album_id, puntaje, texto) VALUES (None, 2, 7, 4, 'Bueno');
INSERT INTO resena (id, usuario_id, album_id, puntaje, texto) VALUES (None, 2, 42, 2, 'Malo');
INSERT INTO resena (id, usuario_id, album_id, puntaje, texto) VALUES (None, 2, 14, 4, 'Bueno');
INSERT INTO resena (id, usuario_id, album_id, puntaje, texto) VALUES (None, 2, 1, 5, 'Excelente');
INSERT INTO resena (id, usuario_id, album_id, puntaje, texto) VALUES (None, 2, 10, 2, 'Malo');
INSERT INTO resena (id, usuario_id, album_id, puntaje, texto) VALUES (None, 2, 17, 1, 'Horrible');
INSERT INTO resena (id, usuario_id, album_id, puntaje, texto) VALUES (None, 2, 4, 2, 'Malo');
INSERT INTO resena (id, usuario_id, album_id, puntaje, texto) VALUES (None, 2, 13, 1, 'Horrible');
INSERT INTO resena (id, usuario_id, album_id, puntaje, texto) VALUES (None, 2, 18, 4, 'Bueno');
INSERT INTO resena (id, usuario_id, album_id, puntaje, texto) VALUES (None, 2, 27, 2, 'Malo');
INSERT INTO resena (id, usuario_id, album_id, puntaje, texto) VALUES (None, 2, 16, 2, 'Malo');
INSERT INTO resena (id, usuario_id, album_id, puntaje, texto) VALUES (None, 2, 32, 2, 'Malo');
INSERT INTO resena (id, usuario_id, album_id, puntaje, texto) VALUES (None, 2, 3, 5, 'Excelente');
INSERT INTO resena (id, usuario_id, album_id, puntaje, texto) VALUES (None, 2, 49, 1, 'Horrible');
INSERT INTO resena (id, usuario_id, album_id, puntaje, texto) VALUES (None, 2, 8, 5, 'Excelente');
INSERT INTO resena (id, usuario_id, album_id, puntaje, texto) VALUES (None, 2, 5, 5, 'Excelente');
INSERT INTO resena (id, usuario_id, album_id, puntaje, texto) VALUES (None, 2, 31, 2, 'Malo');
INSERT INTO resena (id, usuario_id, album_id, puntaje, texto) VALUES (None, 2, 48, 2, 'Malo');
INSERT INTO resena (id, usuario_id, album_id, puntaje, texto) VALUES (None, 2, 11, 4, 'Bueno');
INSERT INTO resena (id, usuario_id, album_id, puntaje, texto) VALUES (None, 2, 21, 1, 'Horrible');
INSERT INTO resena (id, usuario_id, album_id, puntaje, texto) VALUES (None, 2, 26, 2, 'Malo');
INSERT INTO resena (id, usuario_id, album_id, puntaje, texto) VALUES (None, 2, 20, 3, 'Normal');
INSERT INTO resena (id, usuario_id, album_id, puntaje, texto) VALUES (None, 2, 34, 4, 'Bueno');
INSERT INTO resena (id, usuario_id, album_id, puntaje, texto) VALUES (None, 2, 37, 5, 'Excelente');
INSERT INTO resena (id, usuario_id, album_id, puntaje, texto) VALUES (None, 2, 12, 3, 'Normal');
INSERT INTO resena (id, usuario_id, album_id, puntaje, texto) VALUES (None, 2, 35, 1, 'Horrible');
INSERT INTO resena (id, usuario_id, album_id, puntaje, texto) VALUES (None, 2, 44, 2, 'Malo');
INSERT INTO resena (id, usuario_id, album_id, puntaje, texto) VALUES (None, 2, 29, 5, 'Excelente');
INSERT INTO resena (id, usuario_id, album_id, puntaje, texto) VALUES (None, 2, 15, 4, 'Bueno');
INSERT INTO resena (id, usuario_id, album_id, puntaje, texto) VALUES (None, 3, 6, 3, 'Normal');
INSERT INTO resena (id, usuario_id, album_id, puntaje, texto) VALUES (None, 3, 15, 2, 'Malo');
INSERT INTO resena (id, usuario_id, album_id, puntaje, texto) VALUES (None, 3, 36, 2, 'Malo');
INSERT INTO resena (id, usuario_id, album_id, puntaje, texto) VALUES (None, 3, 45, 1, 'Horrible');
INSERT INTO resena (id, usuario_id, album_id, puntaje, texto) VALUES (None, 3, 13, 2, 'Malo');
INSERT INTO resena (id, usuario_id, album_id, puntaje, texto) VALUES (None, 3, 49, 2, 'Malo');
INSERT INTO resena (id, usuario_id, album_id, puntaje, texto) VALUES (None, 3, 28, 3, 'Normal');
INSERT INTO resena (id, usuario_id, album_id, puntaje, texto) VALUES (None, 3, 9, 3, 'Normal');
INSERT INTO resena (id, usuario_id, album_id, puntaje, texto) VALUES (None, 3, 25, 4, 'Bueno');
INSERT INTO resena (id, usuario_id, album_id, puntaje, texto) VALUES (None, 3, 26, 2, 'Malo');
INSERT INTO resena (id, usuario_id, album_id, puntaje, texto) VALUES (None, 3, 42, 1, 'Horrible');
INSERT INTO resena (id, usuario_id, album_id, puntaje, texto) VALUES (None, 3, 21, 2, 'Malo');
INSERT INTO resena (id, usuario_id, album_id, puntaje, texto) VALUES (None, 3, 24, 4, 'Bueno');
INSERT INTO resena (id, usuario_id, album_id, puntaje, texto) VALUES (None, 3, 4, 2, 'Malo');
INSERT INTO resena (id, usuario_id, album_id, puntaje, texto) VALUES (None, 3, 44, 2, 'Malo');
INSERT INTO resena (id, usuario_id, album_id, puntaje, texto) VALUES (None, 3, 29, 3, 'Normal');
INSERT INTO resena (id, usuario_id, album_id, puntaje, texto) VALUES (None, 3, 41, 2, 'Malo');
INSERT INTO resena (id, usuario_id, album_id, puntaje, texto) VALUES (None, 3, 47, 5, 'Excelente');
INSERT INTO resena (id, usuario_id, album_id, puntaje, texto) VALUES (None, 3, 7, 2, 'Malo');
INSERT INTO resena (id, usuario_id, album_id, puntaje, texto) VALUES (None, 3, 12, 2, 'Malo');
INSERT INTO resena (id, usuario_id, album_id, puntaje, texto) VALUES (None, 3, 39, 5, 'Excelente');
INSERT INTO resena (id, usuario_id, album_id, puntaje, texto) VALUES (None, 3, 46, 5, 'Excelente');
INSERT INTO resena (id, usuario_id, album_id, puntaje, texto) VALUES (None, 3, 34, 1, 'Horrible');
INSERT INTO resena (id, usuario_id, album_id, puntaje, texto) VALUES (None, 3, 30, 5, 'Excelente');
INSERT INTO resena (id, usuario_id, album_id, puntaje, texto) VALUES (None, 3, 8, 3, 'Normal');
INSERT INTO resena (id, usuario_id, album_id, puntaje, texto) VALUES (None, 3, 48, 4, 'Bueno');
INSERT INTO resena (id, usuario_id, album_id, puntaje, texto) VALUES (None, 3, 20, 5, 'Excelente');
INSERT INTO resena (id, usuario_id, album_id, puntaje, texto) VALUES (None, 3, 37, 3, 'Normal');
INSERT INTO resena (id, usuario_id, album_id, puntaje, texto) VALUES (None, 3, 35, 5, 'Excelente');
INSERT INTO resena (id, usuario_id, album_id, puntaje, texto) VALUES (None, 3, 11, 5, 'Excelente');
INSERT INTO resena (id, usuario_id, album_id, puntaje, texto) VALUES (None, 3, 16, 2, 'Malo');
INSERT INTO resena (id, usuario_id, album_id, puntaje, texto) VALUES (None, 3, 40, 3, 'Normal');
INSERT INTO resena (id, usuario_id, album_id, puntaje, texto) VALUES (None, 3, 50, 5, 'Excelente');
INSERT INTO resena (id, usuario_id, album_id, puntaje, texto) VALUES (None, 3, 10, 5, 'Excelente');
INSERT INTO resena (id, usuario_id, album_id, puntaje, texto) VALUES (None, 3, 14, 4, 'Bueno');
INSERT INTO resena (id, usuario_id, album_id, puntaje, texto) VALUES (None, 3, 33, 3, 'Normal');
INSERT INTO resena (id, usuario_id, album_id, puntaje, texto) VALUES (None, 3, 22, 3, 'Normal');
INSERT INTO resena (id, usuario_id, album_id, puntaje, texto) VALUES (None, 3, 38, 3, 'Normal');
INSERT INTO resena (id, usuario_id, album_id, puntaje, texto) VALUES (None, 3, 1, 4, 'Bueno');
INSERT INTO resena (id, usuario_id, album_id, puntaje, texto) VALUES (None, 3, 3, 2, 'Malo');
INSERT INTO resena (id, usuario_id, album_id, puntaje, texto) VALUES (None, 4, 7, 3, 'Normal');
INSERT INTO resena (id, usuario_id, album_id, puntaje, texto) VALUES (None, 4, 29, 3, 'Normal');
INSERT INTO resena (id, usuario_id, album_id, puntaje, texto) VALUES (None, 4, 8, 1, 'Horrible');
INSERT INTO resena (id, usuario_id, album_id, puntaje, texto) VALUES (None, 4, 5, 4, 'Bueno');
INSERT INTO resena (id, usuario_id, album_id, puntaje, texto) VALUES (None, 4, 39, 1, 'Horrible');
INSERT INTO resena (id, usuario_id, album_id, puntaje, texto) VALUES (None, 4, 42, 5, 'Excelente');
INSERT INTO resena (id, usuario_id, album_id, puntaje, texto) VALUES (None, 4, 1, 5, 'Excelente');
INSERT INTO resena (id, usuario_id, album_id, puntaje, texto) VALUES (None, 4, 37, 2, 'Malo');
INSERT INTO resena (id, usuario_id, album_id, puntaje, texto) VALUES (None, 4, 36, 2, 'Malo');
INSERT INTO resena (id, usuario_id, album_id, puntaje, texto) VALUES (None, 4, 4, 1, 'Horrible');
INSERT INTO resena (id, usuario_id, album_id, puntaje, texto) VALUES (None, 4, 23, 5, 'Excelente');
INSERT INTO resena (id, usuario_id, album_id, puntaje, texto) VALUES (None, 4, 43, 5, 'Excelente');
INSERT INTO resena (id, usuario_id, album_id, puntaje, texto) VALUES (None, 4, 26, 4, 'Bueno');
INSERT INTO resena (id, usuario_id, album_id, puntaje, texto) VALUES (None, 4, 21, 3, 'Normal');
INSERT INTO resena (id, usuario_id, album_id, puntaje, texto) VALUES (None, 4, 44, 2, 'Malo');
INSERT INTO resena (id, usuario_id, album_id, puntaje, texto) VALUES (None, 4, 6, 2, 'Malo');
INSERT INTO resena (id, usuario_id, album_id, puntaje, texto) VALUES (None, 4, 15, 4, 'Bueno');
INSERT INTO resena (id, usuario_id, album_id, puntaje, texto) VALUES (None, 4, 2, 2, 'Malo');
INSERT INTO resena (id, usuario_id, album_id, puntaje, texto) VALUES (None, 4, 33, 5, 'Excelente');
INSERT INTO resena (id, usuario_id, album_id, puntaje, texto) VALUES (None, 4, 35, 2, 'Malo');
INSERT INTO resena (id, usuario_id, album_id, puntaje, texto) VALUES (None, 4, 18, 5, 'Excelente');
INSERT INTO resena (id, usuario_id, album_id, puntaje, texto) VALUES (None, 4, 30, 3, 'Normal');
INSERT INTO resena (id, usuario_id, album_id, puntaje, texto) VALUES (None, 4, 47, 2, 'Malo');
INSERT INTO resena (id, usuario_id, album_id, puntaje, texto) VALUES (None, 4, 40, 2, 'Malo');
INSERT INTO resena (id, usuario_id, album_id, puntaje, texto) VALUES (None, 4, 49, 3, 'Normal');
INSERT INTO resena (id, usuario_id, album_id, puntaje, texto) VALUES (None, 4, 50, 4, 'Bueno');
INSERT INTO resena (id, usuario_id, album_id, puntaje, texto) VALUES (None, 4, 46, 5, 'Excelente');
INSERT INTO resena (id, usuario_id, album_id, puntaje, texto) VALUES (None, 4, 32, 4, 'Bueno');
INSERT INTO resena (id, usuario_id, album_id, puntaje, texto) VALUES (None, 4, 11, 2, 'Malo');
INSERT INTO resena (id, usuario_id, album_id, puntaje, texto) VALUES (None, 4, 3, 3, 'Normal');
INSERT INTO resena (id, usuario_id, album_id, puntaje, texto) VALUES (None, 4, 17, 5, 'Excelente');
INSERT INTO resena (id, usuario_id, album_id, puntaje, texto) VALUES (None, 4, 27, 2, 'Malo');
INSERT INTO resena (id, usuario_id, album_id, puntaje, texto) VALUES (None, 4, 45, 4, 'Bueno');
INSERT INTO resena (id, usuario_id, album_id, puntaje, texto) VALUES (None, 4, 13, 4, 'Bueno');
INSERT INTO resena (id, usuario_id, album_id, puntaje, texto) VALUES (None, 4, 20, 5, 'Excelente');
INSERT INTO resena (id, usuario_id, album_id, puntaje, texto) VALUES (None, 4, 24, 2, 'Malo');
INSERT INTO resena (id, usuario_id, album_id, puntaje, texto) VALUES (None, 4, 12, 5, 'Excelente');
INSERT INTO resena (id, usuario_id, album_id, puntaje, texto) VALUES (None, 4, 41, 3, 'Normal');
INSERT INTO resena (id, usuario_id, album_id, puntaje, texto) VALUES (None, 4, 9, 1, 'Horrible');
INSERT INTO resena (id, usuario_id, album_id, puntaje, texto) VALUES (None, 4, 19, 3, 'Normal');
INSERT INTO resena (id, usuario_id, album_id, puntaje, texto) VALUES (None, 5, 4, 1, 'Horrible');
INSERT INTO resena (id, usuario_id, album_id, puntaje, texto) VALUES (None, 5, 48, 3, 'Normal');
INSERT INTO resena (id, usuario_id, album_id, puntaje, texto) VALUES (None, 5, 43, 3, 'Normal');
INSERT INTO resena (id, usuario_id, album_id, puntaje, texto) VALUES (None, 5, 13, 2, 'Malo');
INSERT INTO resena (id, usuario_id, album_id, puntaje, texto) VALUES (None, 5, 9, 4, 'Bueno');
INSERT INTO resena (id, usuario_id, album_id, puntaje, texto) VALUES (None, 5, 21, 5, 'Excelente');
INSERT INTO resena (id, usuario_id, album_id, puntaje, texto) VALUES (None, 5, 33, 4, 'Bueno');
INSERT INTO resena (id, usuario_id, album_id, puntaje, texto) VALUES (None, 5, 23, 5, 'Excelente');
INSERT INTO resena (id, usuario_id, album_id, puntaje, texto) VALUES (None, 5, 18, 1, 'Horrible');
INSERT INTO resena (id, usuario_id, album_id, puntaje, texto) VALUES (None, 5, 22, 5, 'Excelente');
INSERT INTO resena (id, usuario_id, album_id, puntaje, texto) VALUES (None, 5, 15, 1, 'Horrible');
INSERT INTO resena (id, usuario_id, album_id, puntaje, texto) VALUES (None, 5, 29, 5, 'Excelente');
INSERT INTO resena (id, usuario_id, album_id, puntaje, texto) VALUES (None, 5, 11, 4, 'Bueno');
INSERT INTO resena (id, usuario_id, album_id, puntaje, texto) VALUES (None, 5, 37, 4, 'Bueno');
INSERT INTO resena (id, usuario_id, album_id, puntaje, texto) VALUES (None, 5, 25, 1, 'Horrible');
INSERT INTO resena (id, usuario_id, album_id, puntaje, texto) VALUES (None, 5, 8, 2, 'Malo');
INSERT INTO resena (id, usuario_id, album_id, puntaje, texto) VALUES (None, 5, 50, 3, 'Normal');
INSERT INTO resena (id, usuario_id, album_id, puntaje, texto) VALUES (None, 5, 44, 4, 'Bueno');
INSERT INTO resena (id, usuario_id, album_id, puntaje, texto) VALUES (None, 5, 42, 3, 'Normal');
INSERT INTO resena (id, usuario_id, album_id, puntaje, texto) VALUES (None, 5, 1, 5, 'Excelente');
INSERT INTO resena (id, usuario_id, album_id, puntaje, texto) VALUES (None, 5, 20, 4, 'Bueno');
INSERT INTO resena (id, usuario_id, album_id, puntaje, texto) VALUES (None, 5, 38, 3, 'Normal');
INSERT INTO resena (id, usuario_id, album_id, puntaje, texto) VALUES (None, 5, 45, 5, 'Excelente');
INSERT INTO resena (id, usuario_id, album_id, puntaje, texto) VALUES (None, 5, 32, 5, 'Excelente');
INSERT INTO resena (id, usuario_id, album_id, puntaje, texto) VALUES (None, 5, 40, 3, 'Normal');
INSERT INTO resena (id, usuario_id, album_id, puntaje, texto) VALUES (None, 5, 16, 3, 'Normal');
INSERT INTO resena (id, usuario_id, album_id, puntaje, texto) VALUES (None, 5, 6, 4, 'Bueno');
INSERT INTO resena (id, usuario_id, album_id, puntaje, texto) VALUES (None, 5, 17, 2, 'Malo');
INSERT INTO resena (id, usuario_id, album_id, puntaje, texto) VALUES (None, 5, 46, 3, 'Normal');
INSERT INTO resena (id, usuario_id, album_id, puntaje, texto) VALUES (None, 5, 35, 1, 'Horrible');
INSERT INTO resena (id, usuario_id, album_id, puntaje, texto) VALUES (None, 5, 2, 4, 'Bueno');
INSERT INTO resena (id, usuario_id, album_id, puntaje, texto) VALUES (None, 5, 12, 3, 'Normal');
INSERT INTO resena (id, usuario_id, album_id, puntaje, texto) VALUES (None, 5, 14, 5, 'Excelente');
INSERT INTO resena (id, usuario_id, album_id, puntaje, texto) VALUES (None, 5, 28, 2, 'Malo');
INSERT INTO resena (id, usuario_id, album_id, puntaje, texto) VALUES (None, 5, 24, 5, 'Excelente');
INSERT INTO resena (id, usuario_id, album_id, puntaje, texto) VALUES (None, 5, 30, 1, 'Horrible');
INSERT INTO resena (id, usuario_id, album_id, puntaje, texto) VALUES (None, 5, 27, 1, 'Horrible');
INSERT INTO resena (id, usuario_id, album_id, puntaje, texto) VALUES (None, 5, 7, 1, 'Horrible');
INSERT INTO resena (id, usuario_id, album_id, puntaje, texto) VALUES (None, 5, 26, 5, 'Excelente');
INSERT INTO resena (id, usuario_id, album_id, puntaje, texto) VALUES (None, 5, 36, 1, 'Horrible');
INSERT INTO metrica_cancion (cancion_id, reproducciones, likes) VALUES (1, 1000, 100);
INSERT INTO metrica_cancion (cancion_id, reproducciones, likes) VALUES (2, 1000, 100);
INSERT INTO metrica_cancion (cancion_id, reproducciones, likes) VALUES (3, 1000, 100);
INSERT INTO metrica_cancion (cancion_id, reproducciones, likes) VALUES (4, 1000, 100);
INSERT INTO metrica_cancion (cancion_id, reproducciones, likes) VALUES (5, 1000, 100);
INSERT INTO contrato (id, artista_id, productor_id, fecha_inicio, fecha_fin) VALUES (None, 1, 1, '2020-01-01', '2025-01-01');
INSERT INTO contrato (id, artista_id, productor_id, fecha_inicio, fecha_fin) VALUES (None, 2, 2, '2020-01-01', '2025-01-01');
INSERT INTO contrato (id, artista_id, productor_id, fecha_inicio, fecha_fin) VALUES (None, 3, 3, '2020-01-01', '2025-01-01');
INSERT INTO contrato (id, artista_id, productor_id, fecha_inicio, fecha_fin) VALUES (None, 4, 4, '2020-01-01', '2025-01-01');
INSERT INTO contrato (id, artista_id, productor_id, fecha_inicio, fecha_fin) VALUES (None, 5, 5, '2020-01-01', '2025-01-01');